event_id,subscription_id,customer_id,event_at,event_type,plan_id,seats,mrr,billing_interval,notes
1,1,1,2025-07-01,created,1,4,116.00,monthly,
2,1,1,2025-09-28,cancelled,1,4,0.00,monthly,low_adoption
3,2,1,2026-02-18,reactivated,1,3,87.00,monthly,
4,3,2,2024-08-15,created,1,6,174.00,monthly,
5,3,2,2025-07-01,seats_contracted,1,5,145.00,monthly,
6,3,2,2026-02-18,cancelled,1,5,0.00,monthly,missing_features
7,4,3,2023-01-03,created,1,4,116.00,monthly,
8,4,3,2024-05-27,plan_upgraded,2,4,236.00,monthly,
9,4,3,2024-09-11,cancelled,2,4,0.00,monthly,competitor
10,5,4,2024-03-24,created,4,46,5711.67,annual,
11,5,4,2025-01-30,plan_downgraded,3,46,3795.00,annual,
12,6,5,2026-05-27,created,2,5,245.83,annual,
13,6,5,2026-07-08,seats_expanded,2,6,295.00,annual,
14,7,6,2023-11-01,created,2,13,639.17,annual,
15,7,6,2023-12-14,plan_upgraded,3,13,1072.50,annual,
16,7,6,2025-01-18,cancelled,3,13,0.00,annual,price
17,8,6,2025-05-23,reactivated,3,10,990.00,monthly,
18,8,6,2025-06-10,seats_expanded,3,11,1089.00,monthly,
19,9,7,2025-11-25,created,1,3,87.00,monthly,
20,10,8,2024-09-25,created,2,3,177.00,monthly,
21,10,8,2024-10-08,seats_contracted,2,2,118.00,monthly,
22,10,8,2026-04-29,seats_expanded,2,3,177.00,monthly,
23,10,8,2026-07-13,seats_expanded,2,4,236.00,monthly,
24,11,9,2025-06-16,created,2,19,1121.00,monthly,
25,11,9,2026-01-16,seats_expanded,2,20,1180.00,monthly,
26,11,9,2026-07-05,seats_expanded,2,22,1298.00,monthly,
27,12,10,2026-02-08,created,1,3,87.00,monthly,
28,12,10,2026-04-16,cancelled,1,3,0.00,monthly,company_closed
29,13,11,2026-05-03,created,2,12,708.00,monthly,
30,14,12,2026-06-02,created,4,223,27689.17,annual,
31,15,13,2023-08-10,created,3,83,6847.50,annual,
32,15,13,2023-10-28,seats_expanded,3,100,8250.00,annual,
33,16,14,2026-05-01,created,2,50,2458.33,annual,
34,16,14,2026-07-28,plan_upgraded,3,50,4125.00,annual,
35,17,15,2026-01-12,created,3,39,3861.00,monthly,
36,18,16,2025-08-31,created,2,30,1770.00,monthly,
37,19,17,2023-09-19,created,3,381,31432.50,annual,
38,19,17,2024-04-04,plan_upgraded,4,381,47307.50,annual,
39,19,17,2025-06-05,seats_expanded,4,423,52522.50,annual,
40,19,17,2026-03-03,seats_expanded,4,513,63697.50,annual,
41,20,18,2026-06-29,created,4,17,2110.83,annual,
42,21,19,2025-07-23,created,2,35,2065.00,monthly,
43,21,19,2026-04-07,cancelled,2,35,0.00,monthly,low_adoption
44,22,19,2026-08-23,reactivated,1,10,290.00,monthly,
45,23,20,2026-06-03,created,2,4,196.67,annual,
46,24,21,2026-02-14,created,2,2,118.00,monthly,
47,25,22,2023-04-24,created,2,12,708.00,monthly,
48,25,22,2023-07-24,seats_expanded,2,14,826.00,monthly,
49,25,22,2023-12-28,cancelled,2,14,0.00,monthly,price
50,26,23,2022-12-01,created,1,6,174.00,monthly,
51,26,23,2023-04-13,cancelled,1,6,0.00,monthly,missing_features
52,27,24,2023-01-01,created,2,13,767.00,monthly,
53,27,24,2023-03-12,seats_expanded,2,15,885.00,monthly,
54,27,24,2023-05-09,plan_upgraded,3,15,1485.00,monthly,
55,27,24,2024-08-31,seats_expanded,3,18,1782.00,monthly,
56,27,24,2025-03-09,cancelled,3,18,0.00,monthly,missing_features
57,28,25,2025-04-23,created,2,5,295.00,monthly,
58,28,25,2025-08-09,seats_expanded,2,6,354.00,monthly,
59,28,25,2026-04-05,plan_upgraded,3,6,594.00,monthly,
60,28,25,2026-07-08,cancelled,3,6,0.00,monthly,low_adoption
61,29,26,2025-11-25,created,3,15,1485.00,monthly,
62,30,27,2024-04-18,created,1,10,290.00,monthly,
63,30,27,2025-05-12,cancelled,1,10,0.00,monthly,internal_tool
64,31,27,2026-01-27,reactivated,1,6,174.00,monthly,
65,32,28,2025-09-03,created,2,8,393.33,annual,
66,33,29,2025-01-25,created,1,10,290.00,monthly,
67,33,29,2025-11-13,cancelled,1,10,0.00,monthly,company_closed
68,34,30,2025-03-04,created,1,2,58.00,monthly,
69,34,30,2025-09-01,seats_expanded,1,3,87.00,monthly,
70,34,30,2026-03-23,cancelled,1,3,0.00,monthly,missing_features
71,35,31,2023-07-31,created,2,11,540.83,annual,
72,35,31,2024-03-24,seats_expanded,2,12,590.00,annual,
73,35,31,2024-11-03,plan_downgraded,1,10,290.00,monthly,
74,36,32,2024-05-09,created,3,85,7012.50,annual,
75,36,32,2024-08-12,plan_upgraded,4,85,10554.17,annual,
76,37,33,2026-08-05,created,1,6,174.00,monthly,
77,38,34,2025-03-24,created,2,37,2183.00,monthly,
78,38,34,2025-08-14,plan_upgraded,3,37,3663.00,monthly,
79,38,34,2025-12-30,seats_contracted,3,30,2970.00,monthly,
80,38,34,2026-04-21,seats_expanded,3,32,3168.00,monthly,
81,39,35,2025-08-06,created,2,19,1121.00,monthly,
82,39,35,2026-02-03,plan_upgraded,3,19,1881.00,monthly,
83,39,35,2026-06-12,cancelled,3,19,0.00,monthly,competitor
84,40,36,2024-04-17,created,2,13,639.17,annual,
85,40,36,2025-01-22,seats_expanded,2,14,688.33,annual,
86,40,36,2025-05-14,seats_expanded,2,16,786.67,annual,
87,40,36,2025-06-20,seats_contracted,2,14,688.33,annual,
88,40,36,2025-10-30,seats_contracted,2,12,590.00,annual,
89,40,36,2026-03-15,seats_expanded,2,14,688.33,annual,
90,41,37,2025-08-27,created,3,356,29370.00,annual,
91,41,37,2026-01-28,plan_upgraded,4,356,44203.33,annual,
92,41,37,2026-02-18,seats_expanded,4,411,51032.50,annual,
93,42,38,2023-02-07,created,3,19,1567.50,annual,
94,42,38,2023-07-31,seats_contracted,3,17,1402.50,annual,
95,42,38,2023-11-11,seats_expanded,3,21,1732.50,annual,
96,42,38,2024-03-29,plan_upgraded,4,21,2607.50,annual,
97,42,38,2024-07-06,seats_expanded,4,24,2980.00,annual,
98,42,38,2025-02-17,seats_expanded,4,27,3352.50,annual,
99,42,38,2025-05-31,plan_downgraded,3,27,2227.50,annual,
100,42,38,2025-10-23,seats_expanded,3,31,2557.50,annual,
101,42,38,2026-07-30,seats_contracted,3,24,1980.00,annual,
102,43,39,2024-01-06,created,1,2,58.00,monthly,
103,43,39,2025-07-13,seats_expanded,1,3,87.00,monthly,
104,44,40,2025-06-05,created,3,8,792.00,monthly,
105,44,40,2026-03-28,seats_expanded,3,10,990.00,monthly,
106,45,41,2023-02-05,created,1,10,290.00,monthly,
107,45,41,2023-10-26,cancelled,1,10,0.00,monthly,low_adoption
108,46,42,2022-07-02,created,3,14,1155.00,annual,
109,46,42,2023-03-13,seats_expanded,3,16,1320.00,annual,
110,46,42,2024-04-23,seats_expanded,3,19,1567.50,annual,
111,46,42,2026-06-22,plan_upgraded,4,19,2359.17,annual,
112,47,43,2022-10-18,created,1,10,290.00,monthly,
113,47,43,2023-07-09,plan_upgraded,2,10,590.00,monthly,
114,47,43,2024-05-15,cancelled,2,10,0.00,monthly,low_adoption
115,48,44,2023-12-15,created,3,460,37950.00,annual,
116,48,44,2024-02-29,plan_downgraded,2,50,2458.33,annual,
117,49,45,2025-12-22,created,2,6,295.00,annual,
118,49,45,2026-06-12,seats_expanded,2,7,344.17,annual,
119,50,46,2024-11-19,created,3,35,3465.00,monthly,
120,50,46,2025-02-05,plan_upgraded,4,35,4345.83,annual,
121,50,46,2025-07-18,plan_downgraded,3,35,2887.50,annual,
122,50,46,2025-11-16,seats_expanded,3,41,3382.50,annual,
123,50,46,2026-02-24,seats_contracted,3,34,2805.00,annual,
124,51,47,2026-01-10,created,4,353,43830.83,annual,
125,51,47,2026-02-05,seats_expanded,4,430,53391.67,annual,
126,52,48,2025-03-31,created,3,4,396.00,monthly,
127,52,48,2026-02-16,cancelled,3,4,0.00,monthly,price
128,53,49,2026-06-22,created,3,292,24090.00,annual,
129,54,50,2023-11-02,created,2,4,236.00,monthly,
130,54,50,2025-03-06,seats_expanded,2,5,295.00,monthly,
131,54,50,2026-04-24,cancelled,2,5,0.00,monthly,low_adoption
132,55,51,2024-02-03,created,1,10,290.00,monthly,
133,56,52,2023-11-11,created,4,266,33028.33,annual,
134,56,52,2024-04-09,plan_downgraded,3,266,21945.00,annual,
135,56,52,2024-10-21,seats_expanded,3,294,24255.00,annual,
136,56,52,2026-01-07,seats_expanded,3,322,26565.00,annual,
137,56,52,2026-02-07,seats_expanded,3,379,31267.50,annual,
138,57,53,2022-08-22,created,1,10,290.00,monthly,
139,57,53,2023-10-27,seats_contracted,1,9,261.00,monthly,
140,57,53,2024-03-01,seats_expanded,1,10,290.00,monthly,
141,57,53,2024-08-19,cancelled,1,10,0.00,monthly,low_adoption
142,58,54,2023-04-28,created,2,12,708.00,monthly,
143,58,54,2023-10-26,cancelled,2,12,0.00,monthly,competitor
144,59,55,2025-04-14,created,3,4,396.00,monthly,
145,59,55,2026-07-02,cancelled,3,4,0.00,monthly,low_adoption
146,60,56,2025-07-01,created,1,4,116.00,monthly,
147,60,56,2025-08-01,plan_upgraded,2,4,236.00,monthly,
148,60,56,2026-04-05,cancelled,2,4,0.00,monthly,company_closed
149,61,57,2024-09-07,created,4,30,3725.00,annual,
150,61,57,2025-03-23,seats_expanded,4,33,4097.50,annual,
151,61,57,2025-12-15,seats_expanded,4,38,4718.33,annual,
152,62,58,2026-02-20,created,1,7,203.00,monthly,
153,62,58,2026-05-15,seats_expanded,1,8,232.00,monthly,
154,63,59,2025-06-28,created,3,17,1402.50,annual,
155,63,59,2025-08-06,plan_upgraded,4,17,2110.83,annual,
156,63,59,2026-02-18,seats_expanded,4,20,2483.33,annual,
157,63,59,2026-04-07,seats_expanded,4,22,2731.67,annual,
158,64,60,2025-09-03,created,1,5,145.00,monthly,
159,64,60,2026-05-16,seats_contracted,1,4,116.00,monthly,
160,65,61,2024-11-28,created,4,146,18128.33,annual,
161,66,62,2026-03-04,created,2,22,1081.67,annual,
162,67,63,2025-11-19,created,1,2,58.00,monthly,
163,67,63,2026-01-13,seats_expanded,1,3,87.00,monthly,
164,68,64,2026-07-31,created,2,12,708.00,monthly,
165,69,65,2026-05-31,created,1,9,261.00,monthly,
166,69,65,2026-07-25,seats_contracted,1,7,203.00,monthly,
167,70,66,2025-10-08,created,1,5,145.00,monthly,
168,70,66,2026-05-07,cancelled,1,5,0.00,monthly,missing_features
169,71,67,2026-02-24,created,4,176,21853.33,annual,
170,71,67,2026-07-26,seats_contracted,4,150,18625.00,annual,
171,72,68,2025-08-01,created,2,48,2360.00,annual,
172,72,68,2026-04-06,seats_expanded,2,50,2458.33,annual,
173,73,69,2023-06-29,created,2,11,649.00,monthly,
174,73,69,2024-07-21,cancelled,2,11,0.00,monthly,low_adoption
175,74,70,2023-08-13,created,1,10,290.00,monthly,
176,74,70,2023-11-26,cancelled,1,10,0.00,monthly,price
177,75,71,2026-08-19,created,4,70,8691.67,annual,
178,76,72,2023-01-17,created,3,5,495.00,monthly,
179,76,72,2023-09-22,seats_expanded,3,6,594.00,monthly,
180,76,72,2023-10-30,seats_expanded,3,7,693.00,monthly,
181,76,72,2024-06-27,cancelled,3,7,0.00,monthly,missing_features
182,77,73,2024-01-29,created,2,4,236.00,monthly,
183,77,73,2024-11-28,plan_upgraded,3,4,396.00,monthly,
184,77,73,2024-12-08,seats_expanded,3,5,495.00,monthly,
185,77,73,2025-10-24,seats_expanded,3,6,594.00,monthly,
186,77,73,2025-12-13,seats_expanded,3,7,693.00,monthly,
187,78,74,2023-05-19,created,3,10,825.00,annual,
188,78,74,2023-09-19,cancelled,3,10,0.00,annual,competitor
189,79,74,2023-12-17,reactivated,3,7,577.50,annual,
190,79,74,2024-09-28,cancelled,3,7,0.00,annual,low_adoption
191,80,75,2025-09-24,created,1,3,87.00,monthly,
192,80,75,2026-01-16,cancelled,1,3,0.00,monthly,competitor
193,81,76,2025-03-28,created,4,240,29800.00,annual,
194,81,76,2025-09-02,plan_downgraded,3,240,19800.00,annual,
195,81,76,2025-11-11,seats_contracted,3,186,15345.00,annual,
196,82,77,2024-11-06,created,3,32,3168.00,monthly,
197,82,77,2025-11-17,seats_contracted,3,28,2772.00,monthly,
198,83,78,2023-04-30,created,2,4,196.67,annual,
199,83,78,2023-12-31,cancelled,2,4,0.00,annual,low_adoption
200,84,79,2025-10-16,created,2,9,442.50,annual,
201,84,79,2026-01-06,seats_expanded,2,11,540.83,annual,
202,84,79,2026-02-14,plan_upgraded,3,11,907.50,annual,
203,85,80,2025-10-11,created,1,6,174.00,monthly,
204,85,80,2026-06-24,seats_expanded,1,7,203.00,monthly,
205,86,81,2025-08-25,created,1,7,203.00,monthly,
206,86,81,2026-05-19,plan_upgraded,2,7,413.00,monthly,
207,87,82,2026-06-09,created,3,20,1650.00,annual,
208,88,83,2025-03-27,created,1,10,290.00,monthly,
209,88,83,2025-06-30,seats_contracted,1,8,232.00,monthly,
210,88,83,2026-01-14,cancelled,1,8,0.00,monthly,missing_features
211,89,84,2026-06-22,created,1,2,58.00,monthly,
212,89,84,2026-08-30,cancelled,1,2,0.00,monthly,internal_tool
213,90,85,2023-08-05,created,3,8,660.00,annual,
214,90,85,2024-03-14,seats_expanded,3,10,825.00,annual,
215,90,85,2024-06-22,seats_contracted,3,8,660.00,annual,
216,90,85,2025-05-16,seats_expanded,3,9,742.50,annual,
217,91,86,2024-12-03,created,2,17,835.83,annual,
218,91,86,2025-05-20,seats_contracted,2,13,639.17,annual,
219,92,87,2024-09-12,created,2,7,413.00,monthly,
220,92,87,2025-01-01,plan_upgraded,3,7,693.00,monthly,
221,92,87,2025-02-23,cancelled,3,7,0.00,monthly,low_adoption
222,93,88,2025-04-01,created,3,461,38032.50,annual,
223,93,88,2025-08-09,seats_contracted,3,383,31597.50,annual,
224,93,88,2025-09-05,seats_expanded,3,437,36052.50,annual,
225,93,88,2026-07-23,seats_contracted,3,351,28957.50,annual,
226,94,89,2025-02-04,created,3,60,5940.00,monthly,
227,94,89,2025-07-11,seats_expanded,3,65,6435.00,monthly,
228,94,89,2025-09-23,plan_upgraded,4,65,8070.83,annual,
229,94,89,2026-05-07,seats_expanded,4,69,8567.50,annual,
230,95,90,2024-11-20,created,1,5,145.00,monthly,
231,95,90,2026-05-14,cancelled,1,5,0.00,monthly,company_closed
232,96,91,2023-07-16,created,4,106,13161.67,annual,
233,96,91,2024-01-12,seats_expanded,4,117,14527.50,annual,
234,96,91,2024-04-08,seats_expanded,4,141,17507.50,annual,
235,96,91,2025-02-28,seats_contracted,4,110,13658.33,annual,
236,97,92,2023-08-21,created,3,4,396.00,monthly,
237,97,92,2023-12-20,seats_expanded,3,5,495.00,monthly,
238,97,92,2024-03-04,seats_expanded,3,6,594.00,monthly,
239,97,92,2024-07-26,seats_expanded,3,7,693.00,monthly,
240,97,92,2024-08-01,seats_expanded,3,8,792.00,monthly,
241,97,92,2024-09-10,seats_expanded,3,10,990.00,monthly,
242,97,92,2024-12-11,cancelled,3,10,0.00,monthly,low_adoption
243,98,93,2023-01-07,created,2,50,2458.33,annual,
244,98,93,2023-06-24,plan_upgraded,3,50,4125.00,annual,
245,98,93,2024-07-20,seats_expanded,3,59,4867.50,annual,
246,98,93,2024-11-26,plan_upgraded,4,59,7325.83,annual,
247,98,93,2025-03-02,seats_expanded,4,63,7822.50,annual,
248,98,93,2025-07-02,seats_expanded,4,68,8443.33,annual,
249,98,93,2026-02-10,seats_expanded,4,76,9436.67,annual,
250,98,93,2026-03-26,seats_expanded,4,88,10926.67,annual,
251,99,94,2024-05-07,created,4,148,18376.67,annual,
252,99,94,2024-08-09,seats_expanded,4,160,19866.67,annual,
253,99,94,2025-04-22,seats_expanded,4,185,22970.83,annual,
254,99,94,2026-02-19,seats_expanded,4,202,25081.67,annual,
255,100,95,2025-02-07,created,4,227,28185.83,annual,
256,100,95,2025-10-07,seats_expanded,4,250,31041.67,annual,
257,100,95,2026-03-26,seats_expanded,4,294,36505.00,annual,
258,100,95,2026-07-25,seats_contracted,4,228,28310.00,annual,
259,101,96,2023-08-10,created,2,8,472.00,monthly,
260,101,96,2024-07-04,seats_expanded,2,9,531.00,monthly,
261,101,96,2024-08-06,seats_expanded,2,10,590.00,monthly,
262,101,96,2024-09-10,seats_expanded,2,11,649.00,monthly,
263,101,96,2025-02-23,plan_downgraded,1,10,290.00,monthly,
264,101,96,2026-08-17,seats_contracted,1,8,232.00,monthly,
265,102,97,2023-11-19,created,4,209,25950.83,annual,
266,102,97,2024-11-15,seats_expanded,4,243,30172.50,annual,
267,102,97,2025-05-13,seats_expanded,4,290,36008.33,annual,
268,103,98,2024-11-22,created,1,4,116.00,monthly,
269,103,98,2025-01-06,seats_expanded,1,5,145.00,monthly,
270,103,98,2025-05-14,seats_expanded,1,6,174.00,monthly,
271,104,99,2026-05-30,created,3,8,792.00,monthly,
272,104,99,2026-06-07,seats_expanded,3,9,891.00,monthly,
273,105,100,2024-09-05,created,1,3,87.00,monthly,
274,105,100,2025-01-10,plan_upgraded,2,3,177.00,monthly,
275,105,100,2026-05-22,cancelled,2,3,0.00,monthly,low_adoption
276,106,101,2024-12-13,created,4,189,23467.50,annual,
277,106,101,2026-04-11,seats_expanded,4,219,27192.50,annual,
278,107,102,2025-11-24,created,4,105,13037.50,annual,
279,108,103,2025-12-16,created,2,11,649.00,monthly,
280,108,103,2026-01-31,plan_upgraded,3,11,1089.00,monthly,
281,109,104,2023-07-24,created,2,6,354.00,monthly,
282,109,104,2023-11-14,plan_upgraded,3,6,594.00,monthly,
283,109,104,2024-06-11,cancelled,3,6,0.00,monthly,low_adoption
284,110,105,2025-08-11,created,2,21,1239.00,monthly,
285,110,105,2025-10-28,cancelled,2,21,0.00,monthly,competitor
286,111,106,2024-08-15,created,1,4,116.00,monthly,
287,111,106,2025-08-03,seats_expanded,1,5,145.00,monthly,
288,111,106,2025-10-29,seats_contracted,1,4,116.00,monthly,
289,112,107,2025-05-15,created,3,16,1584.00,monthly,
290,112,107,2026-02-18,seats_expanded,3,18,1782.00,monthly,
291,113,108,2026-02-18,created,1,9,261.00,monthly,
292,113,108,2026-05-23,cancelled,1,9,0.00,monthly,competitor
293,114,109,2025-05-22,created,1,10,290.00,monthly,
294,115,110,2024-09-09,created,2,8,472.00,monthly,
295,115,110,2025-12-24,seats_expanded,2,10,590.00,monthly,
296,115,110,2026-06-13,cancelled,2,10,0.00,monthly,missing_features
297,116,111,2025-04-12,created,2,14,826.00,monthly,
298,116,111,2025-11-18,seats_expanded,2,15,885.00,monthly,
299,117,112,2024-03-30,created,2,10,590.00,monthly,
300,117,112,2025-01-24,plan_upgraded,3,10,990.00,monthly,
301,117,112,2025-08-05,seats_expanded,3,12,1188.00,monthly,
302,117,112,2026-07-03,seats_expanded,3,13,1287.00,monthly,
303,117,112,2026-08-28,plan_upgraded,4,13,1614.17,annual,
304,118,113,2026-04-11,created,4,102,12665.00,annual,
305,119,114,2024-06-11,created,1,4,116.00,monthly,
306,119,114,2024-09-19,cancelled,1,4,0.00,monthly,price
307,120,115,2024-08-02,created,2,12,590.00,annual,
308,120,115,2024-09-26,seats_contracted,2,11,540.83,annual,
309,120,115,2025-07-29,cancelled,2,11,0.00,annual,internal_tool
310,121,116,2025-11-03,created,2,14,826.00,monthly,
311,121,116,2026-02-05,plan_upgraded,3,14,1386.00,monthly,
312,122,117,2025-01-31,created,2,18,1062.00,monthly,
313,122,117,2025-11-05,seats_expanded,2,20,1180.00,monthly,
314,122,117,2025-12-21,plan_upgraded,3,20,1980.00,monthly,
315,122,117,2026-05-19,seats_expanded,3,22,2178.00,monthly,
316,123,118,2024-09-02,created,4,611,75865.83,annual,
317,123,118,2025-08-28,seats_expanded,4,729,90517.50,annual,
318,123,118,2025-12-01,seats_expanded,4,805,99954.17,annual,
319,124,119,2025-01-27,created,4,202,25081.67,annual,
320,124,119,2026-07-04,seats_expanded,4,229,28434.17,annual,
321,125,120,2024-05-13,created,4,25,3104.17,annual,
322,125,120,2024-08-28,seats_contracted,4,22,2731.67,annual,
323,125,120,2025-05-26,seats_expanded,4,25,3104.17,annual,
324,125,120,2025-12-26,seats_contracted,4,23,2855.83,annual,
325,126,121,2026-03-08,created,1,10,290.00,monthly,
326,127,122,2024-04-17,created,3,307,25327.50,annual,
327,127,122,2024-07-30,seats_contracted,3,273,22522.50,annual,
328,127,122,2025-06-22,plan_upgraded,4,273,33897.50,annual,
329,127,122,2026-02-08,seats_expanded,4,330,40975.00,annual,
330,128,123,2025-02-09,created,1,10,290.00,monthly,
331,128,123,2026-01-12,seats_contracted,1,9,261.00,monthly,
332,129,124,2026-05-28,created,1,10,290.00,monthly,
333,130,125,2024-10-24,created,1,7,203.00,monthly,
334,130,125,2025-10-04,seats_expanded,1,8,232.00,monthly,
335,130,125,2026-04-10,cancelled,1,8,0.00,monthly,internal_tool
336,131,126,2026-02-12,created,1,9,261.00,monthly,
337,132,127,2024-06-08,created,1,10,290.00,monthly,
338,132,127,2024-08-31,seats_contracted,1,8,232.00,monthly,
339,132,127,2024-11-11,seats_expanded,1,9,261.00,monthly,
340,132,127,2024-12-16,cancelled,1,9,0.00,monthly,competitor
341,133,128,2023-12-05,created,2,27,1327.50,annual,
342,133,128,2024-02-08,seats_contracted,2,24,1180.00,annual,
343,133,128,2024-08-05,plan_upgraded,3,24,1980.00,annual,
344,133,128,2025-03-26,seats_expanded,3,29,2392.50,annual,
345,133,128,2025-07-08,seats_expanded,3,35,2887.50,annual,
346,133,128,2026-04-10,plan_upgraded,4,35,4345.83,annual,
347,134,129,2026-02-18,created,4,123,15272.50,annual,
348,134,129,2026-05-09,seats_contracted,4,102,12665.00,annual,
349,135,130,2026-05-23,created,1,4,116.00,monthly,
350,136,131,2025-01-31,created,2,7,413.00,monthly,
351,136,131,2025-07-31,plan_downgraded,1,7,203.00,monthly,
352,136,131,2026-01-19,seats_expanded,1,8,232.00,monthly,
353,137,132,2025-01-07,created,1,6,174.00,monthly,
354,137,132,2025-12-13,cancelled,1,6,0.00,monthly,missing_features
355,138,133,2024-12-03,created,2,26,1278.33,annual,
356,138,133,2025-03-25,seats_expanded,2,31,1524.17,annual,
357,138,133,2025-10-02,seats_expanded,2,35,1720.83,annual,
358,139,134,2025-07-13,created,1,7,203.00,monthly,
359,139,134,2025-12-04,seats_contracted,1,6,174.00,monthly,
360,140,135,2024-09-11,created,4,612,75990.00,annual,
361,140,135,2025-03-14,seats_expanded,4,662,82198.33,annual,
362,140,135,2026-05-17,plan_downgraded,3,662,54615.00,annual,
363,141,136,2026-02-17,created,2,8,472.00,monthly,
364,141,136,2026-08-18,cancelled,2,8,0.00,monthly,low_adoption
365,142,137,2025-12-29,created,2,9,531.00,monthly,
366,142,137,2026-03-16,cancelled,2,9,0.00,monthly,competitor
367,143,138,2026-04-25,created,1,2,58.00,monthly,
368,143,138,2026-06-03,seats_expanded,1,3,87.00,monthly,
369,144,139,2025-07-21,created,4,34,4221.67,annual,
370,145,140,2025-01-17,created,3,112,9240.00,annual,
371,145,140,2025-03-26,plan_upgraded,4,112,13906.67,annual,
372,145,140,2025-06-13,seats_expanded,4,132,16390.00,annual,
373,145,140,2026-02-24,seats_contracted,4,108,13410.00,annual,
374,146,141,2023-10-30,created,3,3,247.50,annual,
375,146,141,2025-06-20,plan_upgraded,4,3,372.50,annual,
376,147,142,2026-07-05,created,2,18,1062.00,monthly,
377,148,143,2026-03-24,created,1,3,87.00,monthly,
378,149,144,2023-05-02,created,3,18,1782.00,monthly,
379,149,144,2025-01-14,plan_upgraded,4,18,2235.00,annual,
380,149,144,2026-04-30,plan_downgraded,3,18,1485.00,annual,
381,149,144,2026-08-30,seats_expanded,3,22,1815.00,annual,
382,150,145,2023-01-04,created,1,10,290.00,monthly,
383,150,145,2023-06-02,cancelled,1,10,0.00,monthly,low_adoption
384,151,146,2026-01-17,created,2,27,1327.50,annual,
385,151,146,2026-04-19,plan_upgraded,3,27,2227.50,annual,
386,152,147,2023-02-08,created,1,2,58.00,monthly,
387,152,147,2025-01-18,seats_expanded,1,3,87.00,monthly,
388,152,147,2025-07-23,seats_expanded,1,4,116.00,monthly,
389,152,147,2026-05-31,plan_upgraded,2,4,236.00,monthly,
390,153,148,2023-02-10,created,2,38,1868.33,annual,
391,153,148,2023-03-13,seats_expanded,2,44,2163.33,annual,
392,153,148,2023-06-13,plan_downgraded,1,10,290.00,monthly,
393,153,148,2025-11-16,plan_upgraded,2,10,590.00,monthly,
394,154,149,2024-04-15,created,2,30,1475.00,annual,
395,154,149,2025-11-29,seats_expanded,2,33,1622.50,annual,
396,154,149,2025-12-03,cancelled,2,33,0.00,annual,competitor
397,155,150,2024-10-04,created,3,56,5544.00,monthly,
398,155,150,2025-02-23,plan_upgraded,4,56,6953.33,annual,
399,155,150,2025-05-11,seats_contracted,4,47,5835.83,annual,
400,155,150,2026-01-05,seats_expanded,4,54,6705.00,annual,
401,156,151,2025-07-05,created,2,5,295.00,monthly,
402,156,151,2025-09-24,cancelled,2,5,0.00,monthly,price
403,157,152,2024-01-23,created,1,4,116.00,monthly,
404,157,152,2024-02-26,seats_contracted,1,3,87.00,monthly,
405,157,152,2024-08-31,plan_upgraded,2,3,177.00,monthly,
406,157,152,2025-02-05,seats_expanded,2,4,236.00,monthly,
407,157,152,2025-09-15,seats_expanded,2,5,295.00,monthly,
408,157,152,2025-11-30,seats_contracted,2,4,236.00,monthly,
409,157,152,2026-05-03,plan_downgraded,1,4,116.00,monthly,
410,157,152,2026-07-28,plan_upgraded,2,4,236.00,monthly,
411,158,153,2023-10-29,created,1,7,203.00,monthly,
412,158,153,2023-12-31,seats_expanded,1,8,232.00,monthly,
413,158,153,2024-01-25,seats_expanded,1,9,261.00,monthly,
414,158,153,2024-05-16,seats_expanded,1,10,290.00,monthly,
415,158,153,2024-11-16,cancelled,1,10,0.00,monthly,low_adoption
416,159,154,2026-03-11,created,1,2,58.00,monthly,
417,159,154,2026-05-25,cancelled,1,2,0.00,monthly,internal_tool
418,160,155,2024-09-09,created,1,7,203.00,monthly,
419,160,155,2024-10-15,seats_contracted,1,6,174.00,monthly,
420,160,155,2024-12-15,plan_upgraded,2,6,354.00,monthly,
421,160,155,2025-11-06,cancelled,2,6,0.00,monthly,low_adoption
422,161,156,2025-03-21,created,3,5,412.50,annual,
423,161,156,2025-06-02,seats_expanded,3,6,495.00,annual,
424,161,156,2025-08-06,seats_expanded,3,7,577.50,annual,
425,161,156,2025-12-31,seats_expanded,3,8,660.00,annual,
426,161,156,2026-06-21,plan_upgraded,4,8,993.33,annual,
427,162,157,2025-12-22,created,4,250,31041.67,annual,
428,162,157,2026-04-03,seats_expanded,4,293,36380.83,annual,
429,163,158,2026-05-21,created,1,10,290.00,monthly,
430,163,158,2026-07-28,cancelled,1,10,0.00,monthly,internal_tool
431,164,159,2025-10-04,created,2,13,639.17,annual,
432,164,159,2026-06-23,seats_expanded,2,15,737.50,annual,
433,165,160,2025-08-24,created,2,6,295.00,annual,
434,165,160,2025-12-12,plan_downgraded,1,6,174.00,monthly,
435,166,161,2026-06-25,created,2,8,472.00,monthly,
436,166,161,2026-07-29,seats_expanded,2,9,531.00,monthly,
437,167,162,2026-01-16,created,1,10,290.00,monthly,
438,167,162,2026-08-26,cancelled,1,10,0.00,monthly,price
439,168,163,2024-10-06,created,2,27,1327.50,annual,
440,168,163,2025-05-02,cancelled,2,27,0.00,annual,price
441,169,164,2025-04-13,created,1,9,261.00,monthly,
442,169,164,2026-08-19,seats_expanded,1,10,290.00,monthly,
443,170,165,2024-11-02,created,3,145,11962.50,annual,
444,170,165,2025-02-26,seats_expanded,3,176,14520.00,annual,
445,170,165,2025-04-18,seats_expanded,3,213,17572.50,annual,
446,170,165,2026-07-12,seats_expanded,3,235,19387.50,annual,
447,171,166,2025-04-09,created,2,8,472.00,monthly,
448,171,166,2025-08-26,seats_contracted,2,6,354.00,monthly,
449,171,166,2025-12-23,cancelled,2,6,0.00,monthly,low_adoption
450,172,167,2024-09-30,created,3,19,1567.50,annual,
451,172,167,2025-03-12,cancelled,3,19,0.00,annual,low_adoption
452,173,168,2025-02-12,created,2,7,344.17,annual,
453,173,168,2025-09-28,seats_expanded,2,8,393.33,annual,
454,173,168,2026-01-25,plan_upgraded,3,8,660.00,annual,
455,173,168,2026-08-23,cancelled,3,8,0.00,annual,price
456,174,169,2025-03-26,created,3,60,4950.00,annual,
457,174,169,2025-04-01,plan_downgraded,2,50,2458.33,annual,
458,174,169,2025-07-12,plan_downgraded,1,10,290.00,monthly,
459,175,170,2025-06-12,created,2,8,472.00,monthly,
460,175,170,2025-11-15,plan_upgraded,3,8,792.00,monthly,
461,175,170,2026-02-01,cancelled,3,8,0.00,monthly,low_adoption
462,176,171,2024-05-22,created,1,10,290.00,monthly,
463,176,171,2025-02-15,cancelled,1,10,0.00,monthly,competitor
464,177,172,2022-12-07,created,1,10,290.00,monthly,
465,178,173,2025-06-29,created,3,34,3366.00,monthly,
466,178,173,2026-01-22,seats_expanded,3,40,3960.00,monthly,
467,178,173,2026-05-11,seats_expanded,3,48,4752.00,monthly,
468,178,173,2026-07-31,cancelled,3,48,0.00,monthly,company_closed
469,179,174,2026-08-10,created,1,10,290.00,monthly,
470,180,175,2023-07-15,created,2,25,1475.00,monthly,
471,180,175,2024-03-16,cancelled,2,25,0.00,monthly,internal_tool
472,181,175,2024-06-16,reactivated,2,17,1003.00,monthly,
473,181,175,2025-05-06,cancelled,2,17,0.00,monthly,low_adoption
474,182,176,2023-10-18,created,4,271,33649.17,annual,
475,182,176,2025-10-08,seats_expanded,4,291,36132.50,annual,
476,182,176,2025-11-07,seats_contracted,4,228,28310.00,annual,
477,182,176,2026-05-08,seats_expanded,4,251,31165.83,annual,
478,183,177,2026-07-30,created,3,16,1584.00,monthly,
479,184,178,2024-08-05,created,1,10,290.00,monthly,
480,184,178,2024-09-17,plan_upgraded,2,10,590.00,monthly,
481,184,178,2025-04-06,seats_contracted,2,9,531.00,monthly,
482,184,178,2025-06-01,plan_downgraded,1,9,261.00,monthly,
483,184,178,2025-08-19,seats_expanded,1,10,290.00,monthly,
484,184,178,2025-09-28,seats_contracted,1,8,232.00,monthly,
485,185,179,2022-08-12,created,2,2,118.00,monthly,
486,185,179,2022-12-10,cancelled,2,2,0.00,monthly,price
487,186,180,2026-08-18,created,1,2,58.00,monthly,
488,187,181,2026-04-30,created,2,32,1888.00,monthly,
489,187,181,2026-07-14,seats_contracted,2,27,1593.00,monthly,
490,188,182,2023-08-05,created,4,492,61090.00,annual,
491,188,182,2026-02-18,seats_expanded,4,591,73382.50,annual,
492,189,183,2022-09-26,created,3,16,1584.00,monthly,
493,189,183,2023-01-12,seats_expanded,3,18,1782.00,monthly,
494,189,183,2023-11-04,seats_expanded,3,19,1881.00,monthly,
495,189,183,2024-06-21,plan_upgraded,4,19,2359.17,annual,
496,189,183,2024-10-23,seats_expanded,4,23,2855.83,annual,
497,189,183,2025-01-27,seats_expanded,4,26,3228.33,annual,
498,189,183,2025-04-20,seats_expanded,4,30,3725.00,annual,
499,190,184,2024-08-08,created,1,7,203.00,monthly,
500,190,184,2024-11-25,cancelled,1,7,0.00,monthly,low_adoption
501,191,185,2024-10-14,created,2,16,944.00,monthly,
502,191,185,2025-12-25,seats_expanded,2,17,1003.00,monthly,
503,191,185,2026-05-06,seats_expanded,2,20,1180.00,monthly,
504,191,185,2026-07-07,seats_contracted,2,18,1062.00,monthly,
505,192,186,2026-03-17,created,4,290,36008.33,annual,
506,193,187,2025-03-27,created,3,95,7837.50,annual,
507,193,187,2026-01-31,seats_expanded,3,101,8332.50,annual,
508,194,188,2026-02-04,created,1,10,290.00,monthly,
509,194,188,2026-07-12,plan_upgraded,2,10,590.00,monthly,
510,195,189,2023-07-18,created,3,19,1567.50,annual,
511,195,189,2024-03-17,plan_upgraded,4,19,2359.17,annual,
512,195,189,2024-10-17,seats_expanded,4,22,2731.67,annual,
513,195,189,2025-03-10,seats_expanded,4,26,3228.33,annual,
514,196,190,2024-12-18,created,1,10,290.00,monthly,
515,196,190,2025-02-02,cancelled,1,10,0.00,monthly,price
516,197,191,2025-03-17,created,3,10,825.00,annual,
517,197,191,2025-04-22,seats_expanded,3,12,990.00,annual,
518,197,191,2025-06-02,cancelled,3,12,0.00,annual,low_adoption
519,198,192,2024-02-04,created,3,75,6187.50,annual,
520,198,192,2024-05-30,cancelled,3,75,0.00,annual,competitor
521,199,193,2024-05-28,created,1,6,174.00,monthly,
522,199,193,2025-05-04,cancelled,1,6,0.00,monthly,missing_features
523,200,194,2022-12-31,created,4,377,46810.83,annual,
524,200,194,2025-05-12,cancelled,4,377,0.00,annual,low_adoption
525,201,194,2025-12-26,reactivated,3,342,28215.00,annual,
526,201,194,2026-05-10,seats_expanded,3,376,31020.00,annual,
527,201,194,2026-06-08,cancelled,3,376,0.00,annual,low_adoption
528,202,195,2026-05-26,created,2,9,442.50,annual,
529,202,195,2026-06-13,plan_upgraded,3,9,742.50,annual,
530,203,196,2023-01-07,created,2,3,177.00,monthly,
531,203,196,2023-06-16,plan_upgraded,3,3,297.00,monthly,
532,203,196,2023-11-01,seats_expanded,3,4,396.00,monthly,
533,203,196,2024-04-18,cancelled,3,4,0.00,monthly,low_adoption
534,204,197,2022-11-04,created,2,35,2065.00,monthly,
535,204,197,2023-06-15,seats_expanded,2,37,2183.00,monthly,
536,204,197,2023-09-15,cancelled,2,37,0.00,monthly,missing_features
537,205,198,2026-07-14,created,1,4,116.00,monthly,
538,206,199,2025-11-30,created,2,4,196.67,annual,
539,206,199,2026-01-21,cancelled,2,4,0.00,annual,price
540,207,199,2026-05-14,reactivated,2,2,118.00,monthly,
541,208,200,2026-08-13,created,3,146,12045.00,annual,
542,209,201,2024-03-01,created,2,10,590.00,monthly,
543,209,201,2024-07-01,seats_expanded,2,12,708.00,monthly,
544,209,201,2024-12-30,plan_downgraded,1,10,290.00,monthly,
545,209,201,2026-01-23,plan_upgraded,2,10,590.00,monthly,
546,210,202,2026-08-20,created,1,7,203.00,monthly,
547,211,203,2024-09-01,created,3,18,1485.00,annual,
548,211,203,2024-11-27,seats_contracted,3,14,1155.00,annual,
549,211,203,2025-05-25,plan_upgraded,4,14,1738.33,annual,
550,211,203,2026-01-23,plan_downgraded,3,14,1155.00,annual,
551,211,203,2026-07-17,plan_downgraded,2,14,688.33,annual,
552,212,204,2026-06-04,created,2,8,472.00,monthly,
553,213,205,2025-05-01,created,2,9,531.00,monthly,
554,213,205,2025-08-07,seats_contracted,2,8,472.00,monthly,
555,213,205,2025-11-01,seats_expanded,2,9,531.00,monthly,
556,214,206,2026-04-26,created,4,153,18997.50,annual,
557,215,207,2022-12-13,created,3,11,1089.00,monthly,
558,215,207,2023-08-15,cancelled,3,11,0.00,monthly,internal_tool
559,216,208,2026-03-23,created,2,18,1062.00,monthly,
560,216,208,2026-07-31,seats_expanded,2,20,1180.00,monthly,
561,217,209,2023-10-18,created,1,10,290.00,monthly,
562,217,209,2024-12-08,seats_contracted,1,8,232.00,monthly,
563,217,209,2025-07-04,cancelled,1,8,0.00,monthly,competitor
564,218,210,2026-07-03,created,2,3,177.00,monthly,
565,219,211,2024-08-09,created,1,2,58.00,monthly,
566,219,211,2024-11-28,seats_expanded,1,3,87.00,monthly,
567,219,211,2025-06-17,seats_contracted,1,2,58.00,monthly,
568,220,212,2023-03-21,created,4,356,44203.33,annual,
569,220,212,2023-08-04,plan_downgraded,3,356,29370.00,annual,
570,220,212,2023-09-13,seats_expanded,3,428,35310.00,annual,
571,220,212,2024-02-19,seats_contracted,3,365,30112.50,annual,
572,220,212,2024-10-14,seats_expanded,3,391,32257.50,annual,
573,220,212,2024-11-21,seats_contracted,3,341,28132.50,annual,
574,220,212,2024-12-21,seats_expanded,3,408,33660.00,annual,
575,220,212,2025-02-20,seats_expanded,3,495,40837.50,annual,
576,220,212,2025-09-30,plan_upgraded,4,495,61462.50,annual,
577,221,213,2024-07-16,created,4,166,20611.67,annual,
578,221,213,2024-10-02,seats_expanded,4,177,21977.50,annual,
579,221,213,2025-08-09,seats_expanded,4,209,25950.83,annual,
580,222,214,2025-01-30,created,3,19,1567.50,annual,
581,222,214,2025-02-14,plan_downgraded,2,19,934.17,annual,
582,222,214,2025-04-03,plan_upgraded,3,19,1567.50,annual,
583,222,214,2026-02-12,seats_expanded,3,21,1732.50,annual,
584,223,215,2023-10-13,created,1,4,116.00,monthly,
585,223,215,2025-01-16,seats_expanded,1,5,145.00,monthly,
586,223,215,2025-11-29,seats_expanded,1,6,174.00,monthly,
587,223,215,2025-12-09,seats_expanded,1,7,203.00,monthly,
588,224,216,2026-07-14,created,3,159,13117.50,annual,
589,225,217,2026-06-23,created,3,5,495.00,monthly,
590,226,218,2024-09-08,created,1,3,87.00,monthly,
591,226,218,2024-10-26,plan_upgraded,2,3,177.00,monthly,
592,226,218,2024-12-11,plan_upgraded,3,3,297.00,monthly,
593,226,218,2025-04-11,seats_expanded,3,4,396.00,monthly,
594,227,219,2024-12-25,created,3,9,891.00,monthly,
595,227,219,2025-01-27,seats_expanded,3,10,990.00,monthly,
596,227,219,2025-06-03,seats_expanded,3,11,1089.00,monthly,
597,228,220,2026-03-08,created,3,14,1386.00,monthly,
598,228,220,2026-07-01,seats_expanded,3,15,1485.00,monthly,
599,229,221,2025-10-29,created,4,120,14900.00,annual,
600,229,221,2026-03-03,seats_contracted,4,94,11671.67,annual,
601,229,221,2026-07-18,seats_expanded,4,105,13037.50,annual,
602,230,222,2023-12-15,created,3,125,12375.00,monthly,
603,230,222,2024-03-07,seats_expanded,3,146,14454.00,monthly,
604,230,222,2024-08-03,seats_expanded,3,155,15345.00,monthly,
605,230,222,2024-12-12,seats_expanded,3,186,18414.00,monthly,
606,230,222,2025-01-20,plan_upgraded,4,186,23095.00,annual,
607,231,223,2024-09-16,created,2,7,413.00,monthly,
608,231,223,2024-10-01,plan_upgraded,3,7,693.00,monthly,
609,231,223,2024-11-09,seats_expanded,3,8,792.00,monthly,
610,231,223,2024-12-06,seats_expanded,3,9,891.00,monthly,
611,231,223,2025-03-18,plan_upgraded,4,9,1117.50,annual,
612,232,224,2024-10-24,created,2,15,885.00,monthly,
613,232,224,2024-11-20,seats_contracted,2,13,767.00,monthly,
614,232,224,2025-02-28,seats_contracted,2,11,649.00,monthly,
615,232,224,2025-06-09,seats_expanded,2,12,708.00,monthly,
616,232,224,2025-09-19,seats_expanded,2,13,767.00,monthly,
617,232,224,2026-02-17,seats_contracted,2,12,708.00,monthly,
618,232,224,2026-08-25,plan_upgraded,3,12,1188.00,monthly,
619,233,225,2025-10-07,created,3,19,1567.50,annual,
620,233,225,2026-02-24,plan_upgraded,4,19,2359.17,annual,
621,234,226,2025-07-12,created,1,7,203.00,monthly,
622,235,227,2025-05-06,created,2,6,295.00,annual,
623,236,228,2026-03-10,created,2,19,934.17,annual,
624,236,228,2026-07-13,seats_expanded,2,22,1081.67,annual,
625,237,229,2024-02-11,created,2,12,708.00,monthly,
626,237,229,2024-06-30,cancelled,2,12,0.00,monthly,price
627,238,230,2023-09-28,created,2,26,1534.00,monthly,
628,238,230,2023-11-10,seats_contracted,2,20,1180.00,monthly,
629,238,230,2024-03-07,plan_upgraded,3,20,1980.00,monthly,
630,238,230,2024-08-20,plan_upgraded,4,20,2483.33,annual,
631,238,230,2024-10-14,cancelled,4,20,0.00,annual,low_adoption
632,239,231,2023-11-14,created,2,10,491.67,annual,
633,239,231,2024-05-25,cancelled,2,10,0.00,annual,low_adoption
634,240,232,2024-04-18,created,2,9,531.00,monthly,
635,240,232,2024-08-16,seats_expanded,2,10,590.00,monthly,
636,241,233,2026-04-25,created,2,4,196.67,annual,
637,241,233,2026-08-30,seats_expanded,2,5,245.83,annual,
638,242,234,2025-08-01,created,2,2,118.00,monthly,
639,242,234,2026-03-09,plan_upgraded,3,2,198.00,monthly,
640,242,234,2026-08-28,seats_expanded,3,3,297.00,monthly,
641,243,235,2025-08-30,created,2,46,2714.00,monthly,
642,243,235,2026-08-10,seats_expanded,2,49,2891.00,monthly,
643,244,236,2024-05-15,created,2,16,786.67,annual,
644,244,236,2024-12-05,seats_expanded,2,18,885.00,annual,
645,245,237,2023-07-08,created,3,212,17490.00,annual,
646,245,237,2024-08-12,seats_expanded,3,257,21202.50,annual,
647,245,237,2025-02-11,seats_expanded,3,307,25327.50,annual,
648,246,238,2024-05-25,created,2,26,1278.33,annual,
649,246,238,2025-02-04,seats_expanded,2,28,1376.67,annual,
650,246,238,2025-06-07,seats_expanded,2,32,1573.33,annual,
651,246,238,2026-03-02,seats_expanded,2,35,1720.83,annual,
652,247,239,2026-02-17,created,3,151,12457.50,annual,
653,247,239,2026-08-02,seats_expanded,3,168,13860.00,annual,
654,248,240,2023-12-27,created,3,19,1881.00,monthly,
655,248,240,2024-02-14,cancelled,3,19,0.00,monthly,low_adoption
656,249,241,2023-05-18,created,3,19,1567.50,annual,
657,249,241,2023-06-22,seats_expanded,3,22,1815.00,annual,
658,249,241,2023-08-11,seats_expanded,3,24,1980.00,annual,
659,249,241,2024-01-06,cancelled,3,24,0.00,annual,price
660,250,242,2026-06-01,created,2,3,177.00,monthly,
661,251,243,2026-05-08,created,2,10,590.00,monthly,
662,251,243,2026-06-13,seats_expanded,2,11,649.00,monthly,
663,252,244,2024-12-22,created,1,8,232.00,monthly,
664,252,244,2025-02-28,seats_expanded,1,9,261.00,monthly,
665,252,244,2025-04-11,cancelled,1,9,0.00,monthly,company_closed
666,253,244,2025-10-25,reactivated,1,8,232.00,monthly,
667,254,245,2025-05-10,created,3,556,45870.00,annual,
668,254,245,2025-10-29,seats_expanded,3,637,52552.50,annual,
669,254,245,2026-04-28,seats_expanded,3,755,62287.50,annual,
670,255,246,2024-06-01,created,3,45,3712.50,annual,
671,255,246,2024-10-11,seats_expanded,3,48,3960.00,annual,
672,255,246,2024-12-16,seats_expanded,3,56,4620.00,annual,
673,255,246,2025-03-04,plan_downgraded,2,50,2458.33,annual,
674,255,246,2025-06-12,plan_upgraded,3,50,4125.00,annual,
675,256,247,2026-06-24,created,2,31,1524.17,annual,
676,257,248,2022-12-01,created,2,4,236.00,monthly,
677,257,248,2023-09-24,cancelled,2,4,0.00,monthly,price
678,258,249,2022-08-02,created,2,9,531.00,monthly,
679,258,249,2022-10-11,plan_upgraded,3,9,891.00,monthly,
680,258,249,2023-01-16,plan_upgraded,4,9,1117.50,annual,
681,258,249,2023-04-12,seats_expanded,4,10,1241.67,annual,
682,258,249,2024-09-11,seats_expanded,4,11,1365.83,annual,
683,259,250,2026-06-01,created,1,10,290.00,monthly,
684,260,251,2025-04-30,created,3,12,990.00,annual,
685,260,251,2025-08-05,plan_upgraded,4,12,1490.00,annual,
686,261,252,2026-04-30,created,2,5,295.00,monthly,
687,261,252,2026-06-09,seats_expanded,2,6,354.00,monthly,
688,262,253,2025-09-06,created,4,12,1490.00,annual,
689,262,253,2025-12-08,seats_expanded,4,15,1862.50,annual,
690,262,253,2026-02-08,seats_contracted,4,13,1614.17,annual,
691,262,253,2026-05-13,seats_expanded,4,15,1862.50,annual,
692,263,254,2026-02-19,created,1,7,203.00,monthly,
693,263,254,2026-04-20,cancelled,1,7,0.00,monthly,price
694,264,255,2024-03-10,created,1,10,290.00,monthly,
695,264,255,2024-12-01,cancelled,1,10,0.00,monthly,missing_features
696,265,256,2023-05-28,created,2,4,236.00,monthly,
697,265,256,2023-11-22,plan_upgraded,3,4,396.00,monthly,
698,265,256,2026-06-23,seats_expanded,3,5,495.00,monthly,
699,265,256,2026-08-23,seats_expanded,3,6,594.00,monthly,
700,266,257,2025-02-07,created,3,12,990.00,annual,
701,266,257,2025-05-15,seats_contracted,3,10,825.00,annual,
702,266,257,2025-06-22,seats_expanded,3,12,990.00,annual,
703,266,257,2025-10-01,seats_contracted,3,11,907.50,annual,
704,266,257,2026-02-05,plan_downgraded,2,11,540.83,annual,
705,267,258,2025-08-20,created,2,10,590.00,monthly,
706,267,258,2026-06-09,seats_contracted,2,8,472.00,monthly,
707,267,258,2026-08-30,plan_upgraded,3,8,792.00,monthly,
708,268,259,2025-01-13,created,2,50,2458.33,annual,
709,268,259,2025-04-01,plan_upgraded,3,50,4125.00,annual,
710,269,260,2026-02-26,created,2,10,590.00,monthly,
711,269,260,2026-03-09,seats_expanded,2,11,649.00,monthly,
712,270,261,2024-07-10,created,2,2,98.33,annual,
713,270,261,2026-08-07,plan_downgraded,1,2,58.00,monthly,
714,271,262,2026-04-03,created,1,5,145.00,monthly,
715,271,262,2026-08-24,seats_contracted,1,4,116.00,monthly,
716,272,263,2025-08-16,created,1,2,58.00,monthly,
717,272,263,2025-10-04,cancelled,1,2,0.00,monthly,low_adoption
718,273,264,2022-10-06,created,3,24,2376.00,monthly,
719,273,264,2023-09-09,seats_expanded,3,27,2673.00,monthly,
720,273,264,2025-03-30,plan_downgraded,2,27,1593.00,monthly,
721,274,265,2026-06-27,created,2,6,354.00,monthly,
722,275,266,2024-12-13,created,3,28,2310.00,annual,
723,275,266,2025-11-09,plan_downgraded,2,28,1376.67,annual,
724,275,266,2026-02-28,plan_downgraded,1,10,290.00,monthly,
725,275,266,2026-07-04,cancelled,1,10,0.00,monthly,low_adoption
726,276,267,2025-01-28,created,3,27,2227.50,annual,
727,276,267,2025-12-12,seats_expanded,3,32,2640.00,annual,
728,276,267,2026-03-06,seats_expanded,3,35,2887.50,annual,
729,276,267,2026-05-16,seats_expanded,3,42,3465.00,annual,
730,276,267,2026-07-18,cancelled,3,42,0.00,annual,internal_tool
731,277,268,2023-06-26,created,2,13,767.00,monthly,
732,277,268,2024-07-16,seats_contracted,2,12,708.00,monthly,
733,277,268,2024-11-20,plan_upgraded,3,12,1188.00,monthly,
734,277,268,2025-06-06,seats_expanded,3,14,1386.00,monthly,
735,277,268,2025-12-09,cancelled,3,14,0.00,monthly,low_adoption
736,278,269,2025-02-14,created,2,6,354.00,monthly,
737,278,269,2025-08-26,seats_expanded,2,7,413.00,monthly,
738,278,269,2025-10-01,plan_upgraded,3,7,693.00,monthly,
739,278,269,2026-03-26,plan_upgraded,4,7,869.17,annual,
740,279,270,2024-10-26,created,2,22,1081.67,annual,
741,279,270,2025-03-31,seats_expanded,2,25,1229.17,annual,
742,279,270,2026-07-18,seats_expanded,2,28,1376.67,annual,
743,280,271,2023-08-25,created,2,19,1121.00,monthly,
744,280,271,2023-09-22,plan_upgraded,3,19,1881.00,monthly,
745,280,271,2025-07-19,seats_expanded,3,22,2178.00,monthly,
746,280,271,2025-11-15,seats_expanded,3,25,2475.00,monthly,
747,280,271,2026-01-21,seats_expanded,3,30,2970.00,monthly,
748,281,272,2025-02-25,created,4,686,85178.33,annual,
749,281,272,2025-04-17,cancelled,4,686,0.00,annual,missing_features
750,282,273,2026-04-13,created,3,9,891.00,monthly,
751,283,274,2025-04-20,created,3,15,1237.50,annual,
752,283,274,2026-02-11,seats_expanded,3,16,1320.00,annual,
753,283,274,2026-07-26,seats_contracted,3,14,1155.00,annual,
754,284,275,2026-06-04,created,2,5,245.83,annual,
755,284,275,2026-07-17,seats_contracted,2,4,196.67,annual,
756,284,275,2026-08-26,seats_expanded,2,5,245.83,annual,
757,285,276,2026-03-07,created,1,2,58.00,monthly,
758,285,276,2026-06-10,seats_expanded,1,3,87.00,monthly,
759,286,277,2026-08-01,created,4,18,2235.00,annual,
760,287,278,2025-11-24,created,3,436,35970.00,annual,
761,288,279,2024-02-14,created,1,5,145.00,monthly,
762,288,279,2024-03-15,seats_expanded,1,6,174.00,monthly,
763,288,279,2024-09-26,cancelled,1,6,0.00,monthly,internal_tool
764,289,280,2024-11-13,created,1,10,290.00,monthly,
765,289,280,2025-05-12,cancelled,1,10,0.00,monthly,internal_tool
766,290,281,2024-06-25,created,2,4,236.00,monthly,
767,291,282,2026-07-30,created,1,7,203.00,monthly,
768,292,283,2024-01-13,created,1,10,290.00,monthly,
769,292,283,2025-08-18,seats_contracted,1,8,232.00,monthly,
770,292,283,2025-10-26,cancelled,1,8,0.00,monthly,low_adoption
771,293,284,2022-10-04,created,2,5,295.00,monthly,
772,293,284,2023-07-14,seats_contracted,2,4,236.00,monthly,
773,293,284,2024-05-12,cancelled,2,4,0.00,monthly,missing_features
774,294,285,2025-05-01,created,2,50,2458.33,annual,
775,295,286,2025-10-28,created,2,14,826.00,monthly,
776,295,286,2025-11-17,seats_expanded,2,17,1003.00,monthly,
777,295,286,2026-04-09,seats_expanded,2,19,1121.00,monthly,
778,296,287,2026-05-24,created,1,7,203.00,monthly,
779,296,287,2026-07-08,cancelled,1,7,0.00,monthly,price
780,297,288,2025-05-26,created,3,24,1980.00,annual,
781,298,289,2024-11-16,created,1,7,203.00,monthly,
782,298,289,2025-03-26,seats_expanded,1,8,232.00,monthly,
783,298,289,2025-11-20,seats_expanded,1,10,290.00,monthly,
784,298,289,2026-06-03,plan_upgraded,2,10,590.00,monthly,
785,298,289,2026-07-12,cancelled,2,10,0.00,monthly,competitor
786,299,290,2025-05-03,created,3,9,742.50,annual,
787,300,291,2025-09-25,created,3,22,1815.00,annual,
788,300,291,2025-10-29,plan_downgraded,2,22,1081.67,annual,
789,301,292,2023-12-04,created,2,14,688.33,annual,
790,301,292,2024-12-03,seats_expanded,2,16,786.67,annual,
791,301,292,2025-03-28,plan_upgraded,3,16,1320.00,annual,
792,301,292,2025-12-27,cancelled,3,16,0.00,annual,low_adoption
793,302,293,2024-09-09,created,2,12,590.00,annual,
794,302,293,2025-06-30,seats_expanded,2,13,639.17,annual,
795,303,294,2023-07-04,created,1,5,145.00,monthly,
796,303,294,2023-12-17,seats_expanded,1,6,174.00,monthly,
797,303,294,2025-07-05,cancelled,1,6,0.00,monthly,company_closed
798,304,295,2025-05-09,created,1,6,174.00,monthly,
799,304,295,2025-09-06,plan_upgraded,2,6,354.00,monthly,
800,304,295,2025-11-27,plan_downgraded,1,6,174.00,monthly,
801,304,295,2026-05-10,seats_contracted,1,5,145.00,monthly,
802,305,296,2024-10-12,created,2,5,295.00,monthly,
803,305,296,2024-12-27,seats_expanded,2,6,354.00,monthly,
804,305,296,2025-02-04,plan_downgraded,1,6,174.00,monthly,
805,305,296,2025-03-15,cancelled,1,6,0.00,monthly,missing_features
806,306,296,2025-09-21,reactivated,1,4,116.00,monthly,
807,307,297,2026-07-07,created,3,9,891.00,monthly,
808,308,298,2023-09-18,created,1,10,290.00,monthly,
809,308,298,2024-12-16,plan_upgraded,2,10,590.00,monthly,
810,308,298,2025-01-16,plan_downgraded,1,10,290.00,monthly,
811,308,298,2025-05-11,plan_upgraded,2,10,590.00,monthly,
812,308,298,2026-08-18,plan_upgraded,3,10,990.00,monthly,
813,309,299,2025-01-06,created,2,35,1720.83,annual,
814,309,299,2025-06-01,seats_expanded,2,42,2065.00,annual,
815,309,299,2026-06-26,seats_expanded,2,49,2409.17,annual,
816,310,300,2024-07-09,created,2,25,1229.17,annual,
817,310,300,2025-05-15,seats_expanded,2,27,1327.50,annual,
818,310,300,2026-07-13,seats_expanded,2,29,1425.83,annual,
819,311,301,2023-07-03,created,4,263,32655.83,annual,
820,311,301,2026-03-31,seats_expanded,4,288,35760.00,annual,
821,312,302,2025-03-20,created,1,10,290.00,monthly,
822,312,302,2025-04-06,seats_contracted,1,8,232.00,monthly,
823,312,302,2025-08-06,plan_upgraded,2,8,472.00,monthly,
824,312,302,2025-09-19,cancelled,2,8,0.00,monthly,low_adoption
825,313,303,2022-10-26,created,1,10,290.00,monthly,
826,313,303,2025-04-21,seats_contracted,1,9,261.00,monthly,
827,313,303,2025-10-15,seats_expanded,1,10,290.00,monthly,
828,313,303,2026-07-09,plan_upgraded,2,10,590.00,monthly,
829,314,304,2022-10-02,created,3,46,3795.00,annual,
830,314,304,2023-03-15,plan_upgraded,4,46,5711.67,annual,
831,314,304,2023-06-22,seats_expanded,4,55,6829.17,annual,
832,315,305,2024-09-06,created,1,8,232.00,monthly,
833,315,305,2024-12-31,cancelled,1,8,0.00,monthly,competitor
834,316,306,2026-07-17,created,2,13,639.17,annual,
835,317,307,2026-06-10,created,1,8,232.00,monthly,
836,318,308,2025-04-27,created,1,4,116.00,monthly,
837,318,308,2025-08-21,seats_contracted,1,3,87.00,monthly,
838,318,308,2025-11-07,seats_expanded,1,4,116.00,monthly,
839,318,308,2025-12-02,seats_expanded,1,5,145.00,monthly,
840,318,308,2026-04-10,plan_upgraded,2,5,295.00,monthly,
841,319,309,2026-01-27,created,2,12,590.00,annual,
842,319,309,2026-08-22,seats_contracted,2,9,442.50,annual,
843,320,310,2025-07-19,created,3,68,5610.00,annual,
844,321,311,2025-08-09,created,2,17,835.83,annual,
845,321,311,2026-07-18,seats_expanded,2,20,983.33,annual,
846,322,312,2026-03-02,created,3,55,4537.50,annual,
847,322,312,2026-08-11,plan_upgraded,4,55,6829.17,annual,
848,323,313,2023-04-07,created,1,10,290.00,monthly,
849,323,313,2024-08-21,plan_upgraded,2,10,590.00,monthly,
850,323,313,2025-04-21,seats_expanded,2,12,708.00,monthly,
851,323,313,2025-08-27,plan_upgraded,3,12,1188.00,monthly,
852,324,314,2025-07-06,created,2,40,1966.67,annual,
853,324,314,2026-06-25,seats_expanded,2,43,2114.17,annual,
854,325,315,2023-11-16,created,1,10,290.00,monthly,
855,325,315,2024-09-09,cancelled,1,10,0.00,monthly,competitor
856,326,316,2023-01-08,created,1,2,58.00,monthly,
857,326,316,2024-04-18,seats_expanded,1,3,87.00,monthly,
858,326,316,2026-05-13,cancelled,1,3,0.00,monthly,missing_features
859,327,317,2024-10-13,created,1,2,58.00,monthly,
860,327,317,2024-12-08,cancelled,1,2,0.00,monthly,competitor
861,328,318,2024-07-20,created,2,8,472.00,monthly,
862,328,318,2024-08-10,seats_expanded,2,9,531.00,monthly,
863,328,318,2024-10-03,plan_upgraded,3,9,891.00,monthly,
864,328,318,2025-02-26,cancelled,3,9,0.00,monthly,competitor
865,329,319,2024-11-29,created,1,10,290.00,monthly,
866,329,319,2026-04-07,seats_contracted,1,8,232.00,monthly,
867,329,319,2026-07-26,cancelled,1,8,0.00,monthly,price
868,330,320,2024-07-16,created,3,11,907.50,annual,
869,330,320,2025-11-11,seats_contracted,3,9,742.50,annual,
870,331,321,2024-11-07,created,1,10,290.00,monthly,
871,331,321,2025-05-28,seats_contracted,1,9,261.00,monthly,
872,331,321,2025-08-31,plan_upgraded,2,9,531.00,monthly,
873,332,322,2023-10-21,created,2,16,786.67,annual,
874,332,322,2023-11-27,seats_expanded,2,19,934.17,annual,
875,332,322,2023-12-31,seats_expanded,2,21,1032.50,annual,
876,332,322,2024-01-07,plan_upgraded,3,21,1732.50,annual,
877,332,322,2024-05-30,seats_expanded,3,23,1897.50,annual,
878,332,322,2024-11-14,plan_upgraded,4,23,2855.83,annual,
879,333,323,2025-11-13,created,3,34,3366.00,monthly,
880,333,323,2026-01-28,seats_contracted,3,26,2574.00,monthly,
881,334,324,2026-01-02,created,3,198,19602.00,monthly,
882,334,324,2026-02-18,plan_upgraded,4,198,24585.00,annual,
883,335,325,2025-12-14,created,3,14,1386.00,monthly,
884,335,325,2026-01-14,plan_upgraded,4,14,1738.33,annual,
885,336,326,2025-07-01,created,3,25,2062.50,annual,
886,336,326,2026-06-01,seats_expanded,3,27,2227.50,annual,
887,337,327,2026-02-22,created,4,32,3973.33,annual,
888,337,327,2026-06-05,cancelled,4,32,0.00,annual,price
889,338,328,2023-01-10,created,1,4,116.00,monthly,
890,338,328,2025-11-24,plan_upgraded,2,4,236.00,monthly,
891,338,328,2026-01-14,cancelled,2,4,0.00,monthly,low_adoption
892,339,329,2024-11-20,created,2,19,1121.00,monthly,
893,339,329,2025-04-21,cancelled,2,19,0.00,monthly,price
894,340,330,2024-01-01,created,3,3,247.50,annual,
895,340,330,2025-02-01,seats_expanded,3,4,330.00,annual,
896,340,330,2025-06-24,plan_upgraded,4,4,496.67,annual,
897,341,331,2026-05-25,created,4,137,17010.83,annual,
898,341,331,2026-08-23,seats_expanded,4,150,18625.00,annual,
899,342,332,2026-03-11,created,3,28,2772.00,monthly,
900,342,332,2026-07-08,plan_upgraded,4,28,3476.67,annual,
901,343,333,2026-07-12,created,2,15,737.50,annual,
902,344,334,2023-04-06,created,3,56,5544.00,monthly,
903,344,334,2023-11-10,seats_expanded,3,61,6039.00,monthly,
904,344,334,2024-12-07,seats_expanded,3,72,7128.00,monthly,
905,344,334,2026-04-01,plan_upgraded,4,72,8940.00,annual,
906,345,335,2025-08-01,created,1,6,174.00,monthly,
907,345,335,2025-12-01,seats_expanded,1,7,203.00,monthly,
908,345,335,2026-03-26,cancelled,1,7,0.00,monthly,low_adoption
909,346,336,2026-08-20,created,1,5,145.00,monthly,
910,347,337,2025-11-13,created,3,57,4702.50,annual,
911,348,338,2024-02-14,created,3,340,28050.00,annual,
912,348,338,2024-09-14,seats_contracted,3,256,21120.00,annual,
913,348,338,2025-12-07,plan_downgraded,2,50,2458.33,annual,
914,348,338,2026-02-21,plan_downgraded,1,10,290.00,monthly,
915,348,338,2026-03-16,cancelled,1,10,0.00,monthly,missing_features
916,349,339,2025-06-28,created,1,3,87.00,monthly,
917,350,340,2024-02-29,created,2,5,295.00,monthly,
918,350,340,2024-06-16,cancelled,2,5,0.00,monthly,low_adoption
919,351,341,2025-01-11,created,4,51,6332.50,annual,
920,351,341,2025-02-22,seats_expanded,4,59,7325.83,annual,
921,351,341,2025-08-07,cancelled,4,59,0.00,annual,competitor
922,352,342,2025-06-05,created,4,142,17631.67,annual,
923,352,342,2026-03-25,seats_expanded,4,172,21356.67,annual,
924,352,342,2026-04-11,seats_contracted,4,157,19494.17,annual,
925,353,343,2026-01-03,created,4,285,35387.50,annual,
926,353,343,2026-04-10,seats_expanded,4,332,41223.33,annual,
927,354,344,2023-04-02,created,1,2,58.00,monthly,
928,354,344,2025-09-09,seats_expanded,1,3,87.00,monthly,
929,355,345,2025-01-21,created,4,681,84557.50,annual,
930,355,345,2025-04-05,seats_contracted,4,598,74251.67,annual,
931,355,345,2025-09-14,seats_expanded,4,670,83191.67,annual,
932,356,346,2023-09-10,created,4,167,20735.83,annual,
933,356,346,2023-10-08,seats_expanded,4,182,22598.33,annual,
934,356,346,2024-08-24,seats_expanded,4,215,26695.83,annual,
935,356,346,2024-11-07,cancelled,4,215,0.00,annual,price
936,357,346,2025-07-12,reactivated,4,168,20860.00,annual,
937,358,347,2025-03-05,created,2,6,354.00,monthly,
938,358,347,2025-07-10,cancelled,2,6,0.00,monthly,low_adoption
939,359,348,2024-07-15,created,3,8,792.00,monthly,
940,359,348,2025-02-04,seats_expanded,3,9,891.00,monthly,
941,360,349,2026-07-18,created,4,39,4842.50,annual,
942,360,349,2026-08-17,seats_expanded,4,45,5587.50,annual,
943,361,350,2025-12-05,created,4,33,4097.50,annual,
944,362,351,2025-05-20,created,1,3,87.00,monthly,
945,362,351,2025-12-12,seats_expanded,1,4,116.00,monthly,
946,363,352,2023-09-05,created,1,5,145.00,monthly,
947,363,352,2023-11-20,seats_expanded,1,6,174.00,monthly,
948,363,352,2024-08-18,cancelled,1,6,0.00,monthly,competitor
949,364,353,2025-11-17,created,1,10,290.00,monthly,
950,365,354,2026-06-08,created,2,9,531.00,monthly,
951,365,354,2026-07-04,seats_contracted,2,7,413.00,monthly,
952,366,355,2026-01-30,created,1,8,232.00,monthly,
953,366,355,2026-05-09,seats_expanded,1,9,261.00,monthly,
954,366,355,2026-07-29,cancelled,1,9,0.00,monthly,missing_features
955,367,356,2024-03-12,created,2,50,2458.33,annual,
956,368,357,2025-06-16,created,1,10,290.00,monthly,
957,369,358,2022-12-17,created,2,13,639.17,annual,
958,369,358,2024-07-01,cancelled,2,13,0.00,annual,missing_features
959,370,359,2022-07-26,created,3,12,990.00,annual,
960,370,359,2022-10-16,plan_upgraded,4,12,1490.00,annual,
961,370,359,2023-01-28,seats_expanded,4,14,1738.33,annual,
962,370,359,2023-04-17,seats_expanded,4,15,1862.50,annual,
963,370,359,2024-09-16,seats_expanded,4,16,1986.67,annual,
964,371,360,2024-12-29,created,2,6,295.00,annual,
965,371,360,2025-07-20,plan_upgraded,3,6,495.00,annual,
966,371,360,2025-10-18,seats_expanded,3,7,577.50,annual,
967,371,360,2025-12-14,plan_downgraded,2,7,344.17,annual,
968,371,360,2026-05-16,plan_upgraded,3,7,577.50,annual,
969,372,361,2026-05-17,created,1,4,116.00,monthly,
970,373,362,2024-07-03,created,2,2,118.00,monthly,
971,373,362,2024-09-14,seats_expanded,2,3,177.00,monthly,
972,373,362,2025-07-01,seats_expanded,2,4,236.00,monthly,
973,373,362,2025-08-01,plan_upgraded,3,4,396.00,monthly,
974,373,362,2025-09-10,cancelled,3,4,0.00,monthly,low_adoption
975,374,363,2026-06-30,created,2,15,885.00,monthly,
976,375,364,2025-02-13,created,3,76,6270.00,annual,
977,375,364,2025-05-18,plan_downgraded,2,50,2458.33,annual,
978,375,364,2025-12-23,plan_upgraded,3,50,4125.00,annual,
979,376,365,2025-10-13,created,1,5,145.00,monthly,
980,376,365,2025-11-25,seats_expanded,1,6,174.00,monthly,
981,376,365,2026-08-24,cancelled,1,6,0.00,monthly,price
982,377,366,2024-09-10,created,3,29,2871.00,monthly,
983,377,366,2026-06-29,seats_expanded,3,33,3267.00,monthly,
984,378,367,2023-07-05,created,1,10,290.00,monthly,
985,378,367,2023-10-25,cancelled,1,10,0.00,monthly,price
986,379,368,2024-01-31,created,3,22,2178.00,monthly,
987,379,368,2024-02-12,seats_expanded,3,23,2277.00,monthly,
988,379,368,2025-07-04,seats_expanded,3,24,2376.00,monthly,
989,380,369,2023-06-01,created,2,21,1032.50,annual,
990,380,369,2023-09-17,cancelled,2,21,0.00,annual,low_adoption
991,381,369,2024-05-26,reactivated,2,13,639.17,annual,
992,381,369,2025-04-16,seats_expanded,2,14,688.33,annual,
993,382,370,2025-04-20,created,2,11,649.00,monthly,
994,382,370,2025-06-25,cancelled,2,11,0.00,monthly,internal_tool
995,383,371,2024-10-29,created,4,15,1862.50,annual,
996,383,371,2025-05-10,seats_expanded,4,17,2110.83,annual,
997,383,371,2026-05-07,seats_contracted,4,15,1862.50,annual,
998,384,372,2026-07-20,created,4,125,15520.83,annual,
999,385,373,2025-07-04,created,1,10,290.00,monthly,
1000,385,373,2025-11-23,cancelled,1,10,0.00,monthly,missing_features
1001,386,374,2025-12-24,created,3,17,1402.50,annual,
1002,387,375,2024-11-24,created,1,10,290.00,monthly,
1003,387,375,2025-12-25,cancelled,1,10,0.00,monthly,internal_tool
1004,388,376,2025-02-11,created,1,8,232.00,monthly,
1005,388,376,2025-08-06,plan_upgraded,2,8,472.00,monthly,
1006,388,376,2025-12-12,cancelled,2,8,0.00,monthly,missing_features
1007,389,377,2022-09-29,created,3,12,990.00,annual,
1008,389,377,2023-01-31,plan_upgraded,4,12,1490.00,annual,
1009,389,377,2023-02-19,seats_expanded,4,14,1738.33,annual,
1010,389,377,2023-06-21,seats_contracted,4,12,1490.00,annual,
1011,389,377,2023-10-04,seats_expanded,4,14,1738.33,annual,
1012,389,377,2023-12-01,seats_contracted,4,11,1365.83,annual,
1013,389,377,2024-03-25,seats_expanded,4,13,1614.17,annual,
1014,389,377,2024-05-27,seats_contracted,4,10,1241.67,annual,
1015,389,377,2024-12-28,plan_downgraded,3,10,825.00,annual,
1016,389,377,2025-08-17,plan_upgraded,4,10,1241.67,annual,
1017,389,377,2025-09-09,seats_expanded,4,11,1365.83,annual,
1018,389,377,2025-10-16,seats_contracted,4,10,1241.67,annual,
1019,390,378,2026-07-16,created,1,6,174.00,monthly,
1020,391,379,2024-06-11,created,2,50,2458.33,annual,
1021,392,380,2026-07-26,created,1,4,116.00,monthly,
1022,393,381,2025-07-13,created,1,10,290.00,monthly,
1023,393,381,2025-10-17,cancelled,1,10,0.00,monthly,low_adoption
1024,394,382,2022-08-06,created,3,15,1237.50,annual,
1025,394,382,2024-06-27,plan_downgraded,2,15,737.50,annual,
1026,394,382,2024-08-11,seats_expanded,2,18,885.00,annual,
1027,394,382,2025-04-14,seats_contracted,2,16,786.67,annual,
1028,395,383,2026-04-07,created,4,30,3725.00,annual,
1029,396,384,2025-03-14,created,3,30,2475.00,annual,
1030,396,384,2025-07-12,seats_expanded,3,35,2887.50,annual,
1031,396,384,2025-08-24,cancelled,3,35,0.00,annual,low_adoption
1032,397,384,2025-11-19,reactivated,3,27,2673.00,monthly,
1033,398,385,2024-09-15,created,2,7,413.00,monthly,
1034,398,385,2025-11-10,seats_expanded,2,8,472.00,monthly,
1035,399,386,2025-12-17,created,3,15,1237.50,annual,
1036,399,386,2026-06-21,seats_expanded,3,18,1485.00,annual,
1037,400,387,2025-10-13,created,3,20,1650.00,annual,
1038,401,388,2025-06-09,created,2,11,540.83,annual,
1039,402,389,2024-01-24,created,1,10,290.00,monthly,
1040,402,389,2024-02-15,plan_upgraded,2,10,590.00,monthly,
1041,402,389,2024-03-05,plan_upgraded,3,10,990.00,monthly,
1042,402,389,2024-10-12,seats_expanded,3,11,1089.00,monthly,
1043,402,389,2025-04-13,cancelled,3,11,0.00,monthly,low_adoption
1044,403,390,2024-10-14,created,2,10,590.00,monthly,
1045,404,391,2026-08-14,created,2,6,295.00,annual,
1046,405,392,2026-01-15,created,4,259,32159.17,annual,
1047,405,392,2026-08-15,seats_expanded,4,279,34642.50,annual,
1048,406,393,2024-12-05,created,3,37,3663.00,monthly,
1049,406,393,2025-03-06,cancelled,3,37,0.00,monthly,missing_features
1050,407,394,2024-06-06,created,3,332,32868.00,monthly,
1051,407,394,2025-06-19,seats_expanded,3,386,38214.00,monthly,
1052,407,394,2026-07-04,plan_upgraded,4,386,47928.33,annual,
1053,408,395,2025-09-10,created,3,38,3135.00,annual,
1054,409,396,2025-02-05,created,2,2,118.00,monthly,
1055,409,396,2025-07-19,plan_upgraded,3,2,198.00,monthly,
1056,410,397,2023-10-12,created,4,155,19245.83,annual,
1057,410,397,2024-01-21,cancelled,4,155,0.00,annual,internal_tool
1058,411,398,2024-08-31,created,1,4,116.00,monthly,
1059,411,398,2025-09-20,plan_upgraded,2,4,236.00,monthly,
1060,412,399,2025-10-05,created,2,3,147.50,annual,
1061,412,399,2026-03-15,cancelled,2,3,0.00,annual,price
1062,413,400,2026-06-13,created,3,395,32587.50,annual,
1063,414,401,2024-06-24,created,2,11,649.00,monthly,
1064,414,401,2024-11-08,plan_upgraded,3,11,1089.00,monthly,
1065,414,401,2025-05-13,seats_expanded,3,13,1287.00,monthly,
1066,414,401,2026-04-22,seats_expanded,3,14,1386.00,monthly,
1067,415,402,2025-06-28,created,1,10,290.00,monthly,
1068,415,402,2026-07-23,seats_contracted,1,9,261.00,monthly,
1069,416,403,2026-03-02,created,4,177,21977.50,annual,
1070,417,404,2025-06-26,created,2,18,885.00,annual,
1071,417,404,2025-10-08,seats_expanded,2,20,983.33,annual,
1072,417,404,2026-03-08,cancelled,2,20,0.00,annual,low_adoption
1073,418,405,2023-10-21,created,1,5,145.00,monthly,
1074,418,405,2024-04-06,plan_upgraded,2,5,295.00,monthly,
1075,418,405,2024-07-05,plan_upgraded,3,5,495.00,monthly,
1076,418,405,2025-05-16,cancelled,3,5,0.00,monthly,low_adoption
1077,419,406,2023-06-08,created,2,7,413.00,monthly,
1078,419,406,2025-12-26,cancelled,2,7,0.00,monthly,internal_tool
1079,420,407,2022-12-07,created,2,31,1524.17,annual,
1080,420,407,2023-04-09,seats_expanded,2,35,1720.83,annual,
1081,420,407,2023-08-31,seats_expanded,2,38,1868.33,annual,
1082,420,407,2024-05-24,seats_expanded,2,46,2261.67,annual,
1083,420,407,2024-11-17,seats_contracted,2,37,1819.17,annual,
1084,420,407,2025-05-07,seats_expanded,2,43,2114.17,annual,
1085,420,407,2025-10-04,seats_expanded,2,50,2458.33,annual,
1086,421,408,2025-10-24,created,2,4,236.00,monthly,
1087,421,408,2026-03-13,cancelled,2,4,0.00,monthly,internal_tool
1088,422,409,2024-09-15,created,2,25,1229.17,annual,
1089,422,409,2024-11-01,seats_expanded,2,28,1376.67,annual,
1090,422,409,2025-02-22,seats_expanded,2,34,1671.67,annual,
1091,422,409,2025-03-25,seats_expanded,2,40,1966.67,annual,
1092,422,409,2025-04-09,seats_expanded,2,45,2212.50,annual,
1093,422,409,2025-09-12,seats_expanded,2,50,2458.33,annual,
1094,423,410,2025-08-26,created,3,28,2310.00,annual,
1095,423,410,2026-05-31,plan_downgraded,2,28,1376.67,annual,
1096,424,411,2026-03-14,created,3,47,4653.00,monthly,
1097,424,411,2026-05-03,plan_downgraded,2,47,2773.00,monthly,
1098,424,411,2026-06-19,seats_expanded,2,50,2950.00,monthly,
1099,425,412,2023-05-08,created,1,10,290.00,monthly,
1100,425,412,2024-07-04,plan_upgraded,2,10,590.00,monthly,
1101,425,412,2025-03-04,seats_expanded,2,11,649.00,monthly,
1102,426,413,2025-02-24,created,2,25,1475.00,monthly,
1103,426,413,2025-12-10,cancelled,2,25,0.00,monthly,internal_tool
1104,427,414,2024-11-13,created,2,8,393.33,annual,
1105,428,415,2026-07-28,created,1,4,116.00,monthly,
1106,429,416,2025-11-29,created,2,29,1425.83,annual,
1107,429,416,2026-03-07,seats_expanded,2,33,1622.50,annual,
1108,429,416,2026-08-07,plan_upgraded,3,33,2722.50,annual,
1109,430,417,2025-09-22,created,1,2,58.00,monthly,
1110,431,418,2023-08-02,created,2,34,1671.67,annual,
1111,431,418,2023-09-24,plan_upgraded,3,34,2805.00,annual,
1112,431,418,2024-07-09,cancelled,3,34,0.00,annual,price
1113,432,419,2026-08-10,created,1,3,87.00,monthly,
1114,433,420,2024-11-04,created,2,2,118.00,monthly,
1115,433,420,2026-02-22,cancelled,2,2,0.00,monthly,missing_features
1116,434,421,2023-07-20,created,4,112,13906.67,annual,
1117,434,421,2024-11-17,seats_expanded,4,131,16265.83,annual,
1118,434,421,2025-11-23,seats_expanded,4,139,17259.17,annual,
1119,435,422,2024-07-23,created,1,6,174.00,monthly,
1120,435,422,2025-03-14,plan_upgraded,2,6,354.00,monthly,
1121,435,422,2026-01-07,plan_upgraded,3,6,594.00,monthly,
1122,435,422,2026-07-30,seats_expanded,3,7,693.00,monthly,
1123,436,423,2025-12-18,created,4,15,1862.50,annual,
1124,437,424,2023-09-28,created,4,169,20984.17,annual,
1125,437,424,2024-05-14,seats_contracted,4,130,16141.67,annual,
1126,437,424,2024-10-26,plan_downgraded,3,130,10725.00,annual,
1127,437,424,2025-08-03,seats_expanded,3,152,12540.00,annual,
1128,437,424,2025-09-29,seats_expanded,3,163,13447.50,annual,
1129,437,424,2025-10-23,seats_expanded,3,187,15427.50,annual,
1130,437,424,2025-11-22,plan_upgraded,4,187,23219.17,annual,
1131,437,424,2026-01-12,seats_expanded,4,224,27813.33,annual,
1132,438,425,2026-08-28,created,3,19,1881.00,monthly,
1133,439,426,2024-09-27,created,1,10,290.00,monthly,
1134,440,427,2024-09-12,created,1,4,116.00,monthly,
1135,440,427,2024-10-04,seats_expanded,1,5,145.00,monthly,
1136,441,428,2025-04-16,created,2,8,472.00,monthly,
1137,441,428,2026-04-28,seats_expanded,2,9,531.00,monthly,
1138,442,429,2026-06-30,created,1,7,203.00,monthly,
1139,443,430,2026-01-24,created,3,29,2871.00,monthly,
1140,444,431,2025-09-13,created,2,26,1278.33,annual,
1141,444,431,2026-02-12,cancelled,2,26,0.00,annual,price
1142,445,432,2023-12-21,created,4,26,3228.33,annual,
1143,445,432,2024-10-26,seats_expanded,4,28,3476.67,annual,
1144,445,432,2025-11-13,seats_expanded,4,30,3725.00,annual,
1145,445,432,2026-03-30,cancelled,4,30,0.00,annual,missing_features
1146,446,433,2024-11-01,created,1,3,87.00,monthly,
1147,446,433,2024-12-15,seats_expanded,1,4,116.00,monthly,
1148,446,433,2025-06-26,plan_upgraded,2,4,236.00,monthly,
1149,446,433,2025-10-10,seats_contracted,2,3,177.00,monthly,
1150,446,433,2026-02-04,plan_upgraded,3,3,297.00,monthly,
1151,446,433,2026-04-20,seats_expanded,3,4,396.00,monthly,
1152,447,434,2023-06-14,created,4,296,36753.33,annual,
1153,447,434,2024-06-07,plan_downgraded,3,296,24420.00,annual,
1154,447,434,2024-08-30,plan_upgraded,4,296,36753.33,annual,
1155,447,434,2024-10-09,seats_expanded,4,325,40354.17,annual,
1156,447,434,2025-03-09,seats_expanded,4,375,46562.50,annual,
1157,447,434,2025-06-06,seats_expanded,4,435,54012.50,annual,
1158,447,434,2025-11-26,seats_expanded,4,487,60469.17,annual,
1159,447,434,2026-08-19,seats_contracted,4,423,52522.50,annual,
1160,448,435,2025-06-04,created,2,9,531.00,monthly,
1161,449,436,2025-09-15,created,2,6,354.00,monthly,
1162,449,436,2026-01-26,seats_expanded,2,7,413.00,monthly,
1163,449,436,2026-03-10,seats_expanded,2,8,472.00,monthly,
1164,450,437,2023-10-30,created,1,10,290.00,monthly,
1165,450,437,2024-01-03,cancelled,1,10,0.00,monthly,low_adoption
1166,451,438,2022-07-17,created,2,29,1425.83,annual,
1167,451,438,2023-06-16,plan_upgraded,3,29,2392.50,annual,
1168,451,438,2025-10-06,plan_downgraded,2,29,1425.83,annual,
1169,451,438,2025-12-14,seats_expanded,2,33,1622.50,annual,
1170,452,439,2026-02-21,created,2,2,118.00,monthly,
1171,453,440,2024-10-03,created,3,34,3366.00,monthly,
1172,453,440,2025-01-16,seats_expanded,3,41,4059.00,monthly,
1173,453,440,2025-11-05,plan_upgraded,4,41,5090.83,annual,
1174,454,441,2024-11-19,created,2,34,1671.67,annual,
1175,454,441,2025-03-31,plan_upgraded,3,34,2805.00,annual,
1176,454,441,2025-04-07,seats_expanded,3,37,3052.50,annual,
1177,454,441,2025-05-05,seats_expanded,3,42,3465.00,annual,
1178,454,441,2025-10-16,seats_expanded,3,46,3795.00,annual,
1179,454,441,2025-11-05,seats_expanded,3,50,4125.00,annual,
1180,454,441,2026-06-19,cancelled,3,50,0.00,annual,low_adoption
1181,455,442,2025-02-14,created,1,10,290.00,monthly,
1182,455,442,2025-05-12,seats_contracted,1,8,232.00,monthly,
1183,455,442,2025-09-17,seats_expanded,1,10,290.00,monthly,
1184,455,442,2026-08-14,plan_upgraded,2,10,590.00,monthly,
1185,456,443,2026-02-07,created,2,50,2950.00,monthly,
1186,457,444,2025-08-12,created,1,10,290.00,monthly,
1187,457,444,2026-03-15,plan_upgraded,2,10,590.00,monthly,
1188,457,444,2026-07-18,seats_contracted,2,8,472.00,monthly,
1189,458,445,2026-06-26,created,3,20,1650.00,annual,
1190,459,446,2025-07-31,created,4,31,3849.17,annual,
1191,459,446,2026-06-16,cancelled,4,31,0.00,annual,low_adoption
1192,460,447,2024-05-15,created,2,6,354.00,monthly,
1193,460,447,2025-02-27,plan_upgraded,3,6,594.00,monthly,
1194,460,447,2025-12-30,seats_expanded,3,7,693.00,monthly,
1195,460,447,2026-01-01,cancelled,3,7,0.00,monthly,low_adoption
1196,461,447,2026-05-23,reactivated,3,5,495.00,monthly,
1197,462,448,2026-02-08,created,3,28,2310.00,annual,
1198,462,448,2026-05-02,seats_expanded,3,31,2557.50,annual,
1199,463,449,2022-12-21,created,2,25,1475.00,monthly,
1200,463,449,2024-01-30,seats_expanded,2,27,1593.00,monthly,
1201,463,449,2025-02-06,plan_upgraded,3,27,2673.00,monthly,
1202,463,449,2025-05-23,cancelled,3,27,0.00,monthly,low_adoption
1203,464,450,2025-04-13,created,4,92,11423.33,annual,
1204,464,450,2025-11-16,seats_expanded,4,103,12789.17,annual,
1205,465,451,2026-07-24,created,3,9,742.50,annual,
1206,466,452,2025-09-24,created,3,24,1980.00,annual,
1207,466,452,2025-10-25,plan_upgraded,4,24,2980.00,annual,
1208,466,452,2026-02-10,seats_contracted,4,20,2483.33,annual,
1209,467,453,2026-08-25,created,1,6,174.00,monthly,
1210,468,454,2024-05-29,created,2,6,354.00,monthly,
1211,468,454,2024-06-10,seats_contracted,2,5,295.00,monthly,
1212,468,454,2024-07-14,cancelled,2,5,0.00,monthly,missing_features
1213,469,455,2026-07-24,created,2,6,295.00,annual,
1214,470,456,2024-03-11,created,2,12,708.00,monthly,
1215,470,456,2024-04-14,seats_contracted,2,10,590.00,monthly,
1216,470,456,2024-08-14,plan_upgraded,3,10,990.00,monthly,
1217,470,456,2025-03-27,cancelled,3,10,0.00,monthly,low_adoption
1218,471,457,2026-04-21,created,2,50,2458.33,annual,
1219,472,458,2024-05-22,created,1,2,58.00,monthly,
1220,473,459,2024-12-25,created,4,386,47928.33,annual,
1221,473,459,2025-06-20,seats_contracted,4,338,41968.33,annual,
1222,473,459,2025-07-28,seats_expanded,4,400,49666.67,annual,
1223,474,460,2025-04-07,created,2,50,2458.33,annual,
1224,474,460,2026-05-27,plan_upgraded,3,50,4125.00,annual,
1225,474,460,2026-07-13,seats_contracted,3,43,3547.50,annual,
1226,475,461,2025-12-25,created,3,34,2805.00,annual,
1227,475,461,2026-04-09,seats_expanded,3,38,3135.00,annual,
1228,476,462,2022-09-08,created,3,29,2392.50,annual,
1229,476,462,2023-04-19,plan_downgraded,2,29,1425.83,annual,
1230,476,462,2023-07-15,plan_downgraded,1,10,290.00,monthly,
1231,476,462,2026-06-27,seats_contracted,1,8,232.00,monthly,
1232,477,463,2025-09-30,created,3,126,10395.00,annual,
1233,478,464,2024-03-10,created,2,7,413.00,monthly,
1234,478,464,2024-05-18,plan_upgraded,3,7,693.00,monthly,
1235,478,464,2024-06-24,seats_expanded,3,8,792.00,monthly,
1236,478,464,2025-03-18,plan_upgraded,4,8,993.33,annual,
1237,478,464,2026-07-27,seats_expanded,4,9,1117.50,annual,
1238,478,464,2026-08-24,cancelled,4,9,0.00,annual,competitor
1239,479,465,2025-08-27,created,1,9,261.00,monthly,
1240,479,465,2026-04-29,seats_expanded,1,10,290.00,monthly,
1241,479,465,2026-05-27,plan_upgraded,2,10,590.00,monthly,
1242,480,466,2024-09-15,created,2,9,531.00,monthly,
1243,480,466,2025-01-20,seats_contracted,2,7,413.00,monthly,
1244,480,466,2025-09-22,plan_upgraded,3,7,693.00,monthly,
1245,480,466,2026-05-23,cancelled,3,7,0.00,monthly,price
1246,481,467,2025-06-13,created,3,5,495.00,monthly,
1247,481,467,2026-06-06,seats_contracted,3,4,396.00,monthly,
1248,482,468,2022-07-26,created,2,3,177.00,monthly,
1249,482,468,2023-01-08,seats_expanded,2,4,236.00,monthly,
1250,482,468,2023-09-17,seats_expanded,2,5,295.00,monthly,
1251,482,468,2025-08-02,cancelled,2,5,0.00,monthly,price
1252,483,468,2026-03-03,reactivated,2,3,177.00,monthly,
1253,484,469,2026-04-30,created,1,10,290.00,monthly,
1254,484,469,2026-05-13,plan_upgraded,2,10,590.00,monthly,
1255,485,470,2025-08-11,created,2,8,472.00,monthly,
1256,485,470,2025-10-13,seats_expanded,2,9,531.00,monthly,
1257,486,471,2023-07-10,created,3,42,3465.00,annual,
1258,486,471,2023-12-10,seats_expanded,3,46,3795.00,annual,
1259,486,471,2024-11-28,seats_expanded,3,56,4620.00,annual,
1260,486,471,2025-04-11,plan_upgraded,4,56,6953.33,annual,
1261,486,471,2026-03-19,seats_expanded,4,68,8443.33,annual,
1262,487,472,2024-01-05,created,3,47,3877.50,annual,
1263,487,472,2025-06-19,seats_expanded,3,50,4125.00,annual,
1264,487,472,2025-09-19,seats_contracted,3,41,3382.50,annual,
1265,487,472,2025-10-13,seats_expanded,3,44,3630.00,annual,
1266,487,472,2025-11-11,seats_expanded,3,52,4290.00,annual,
1267,487,472,2026-04-26,seats_expanded,3,60,4950.00,annual,
1268,487,472,2026-06-17,seats_expanded,3,70,5775.00,annual,
1269,488,473,2025-10-15,created,4,283,35139.17,annual,
1270,488,473,2026-05-13,seats_expanded,4,341,42340.83,annual,
1271,488,473,2026-08-12,seats_expanded,4,412,51156.67,annual,
1272,489,474,2025-12-03,created,2,40,1966.67,annual,
1273,490,475,2026-03-24,created,1,10,290.00,monthly,
1274,490,475,2026-08-16,seats_contracted,1,8,232.00,monthly,
1275,491,476,2025-04-03,created,1,8,232.00,monthly,
1276,491,476,2025-06-30,plan_upgraded,2,8,472.00,monthly,
1277,491,476,2025-11-26,plan_upgraded,3,8,792.00,monthly,
1278,491,476,2026-02-28,seats_expanded,3,9,891.00,monthly,
1279,492,477,2025-10-14,created,2,5,295.00,monthly,
1280,492,477,2026-08-14,plan_upgraded,3,5,495.00,monthly,
1281,493,478,2026-01-15,created,2,18,885.00,annual,
1282,493,478,2026-03-17,seats_contracted,2,16,786.67,annual,
1283,494,479,2023-12-02,created,2,17,835.83,annual,
1284,494,479,2024-04-22,seats_contracted,2,16,786.67,annual,
1285,494,479,2025-02-17,plan_upgraded,3,16,1320.00,annual,
1286,494,479,2025-05-21,seats_contracted,3,15,1237.50,annual,
1287,494,479,2025-09-21,cancelled,3,15,0.00,annual,missing_features
1288,495,480,2025-09-29,created,4,309,38367.50,annual,
1289,495,480,2025-12-25,seats_expanded,4,353,43830.83,annual,
1290,495,480,2026-04-28,seats_contracted,4,283,35139.17,annual,
