subscription_history_id,subscription_id,customer_id,plan_id,seats,billing_interval,mrr,status,valid_from,valid_to,is_current
1,1,1,1,4,monthly,116.00,active,2025-07-01,2025-09-28,false
2,2,1,1,3,monthly,87.00,active,2026-02-18,9999-12-31,true
3,3,2,1,6,monthly,174.00,active,2024-08-15,2025-07-01,false
4,3,2,1,5,monthly,145.00,active,2025-07-01,2026-02-18,false
5,4,3,1,4,monthly,116.00,active,2023-01-03,2024-05-27,false
6,4,3,2,4,monthly,236.00,active,2024-05-27,2024-09-11,false
7,5,4,4,46,annual,5711.67,active,2024-03-24,2025-01-30,false
8,5,4,3,46,annual,3795.00,active,2025-01-30,9999-12-31,true
9,6,5,2,5,annual,245.83,active,2026-05-27,2026-07-08,false
10,6,5,2,6,annual,295.00,active,2026-07-08,9999-12-31,true
11,7,6,2,13,annual,639.17,active,2023-11-01,2023-12-14,false
12,7,6,3,13,annual,1072.50,active,2023-12-14,2025-01-18,false
13,8,6,3,10,monthly,990.00,active,2025-05-23,2025-06-10,false
14,8,6,3,11,monthly,1089.00,active,2025-06-10,9999-12-31,true
15,9,7,1,3,monthly,87.00,active,2025-11-25,9999-12-31,true
16,10,8,2,3,monthly,177.00,active,2024-09-25,2024-10-08,false
17,10,8,2,2,monthly,118.00,active,2024-10-08,2026-04-29,false
18,10,8,2,3,monthly,177.00,active,2026-04-29,2026-07-13,false
19,10,8,2,4,monthly,236.00,active,2026-07-13,9999-12-31,true
20,11,9,2,19,monthly,1121.00,active,2025-06-16,2026-01-16,false
21,11,9,2,20,monthly,1180.00,active,2026-01-16,2026-07-05,false
22,11,9,2,22,monthly,1298.00,active,2026-07-05,9999-12-31,true
23,12,10,1,3,monthly,87.00,active,2026-02-08,2026-04-16,false
24,13,11,2,12,monthly,708.00,active,2026-05-03,9999-12-31,true
25,14,12,4,223,annual,27689.17,active,2026-06-02,9999-12-31,true
26,15,13,3,83,annual,6847.50,active,2023-08-10,2023-10-28,false
27,15,13,3,100,annual,8250.00,active,2023-10-28,9999-12-31,true
28,16,14,2,50,annual,2458.33,active,2026-05-01,2026-07-28,false
29,16,14,3,50,annual,4125.00,active,2026-07-28,9999-12-31,true
30,17,15,3,39,monthly,3861.00,active,2026-01-12,9999-12-31,true
31,18,16,2,30,monthly,1770.00,active,2025-08-31,9999-12-31,true
32,19,17,3,381,annual,31432.50,active,2023-09-19,2024-04-04,false
33,19,17,4,381,annual,47307.50,active,2024-04-04,2025-06-05,false
34,19,17,4,423,annual,52522.50,active,2025-06-05,2026-03-03,false
35,19,17,4,513,annual,63697.50,active,2026-03-03,9999-12-31,true
36,20,18,4,17,annual,2110.83,active,2026-06-29,9999-12-31,true
37,21,19,2,35,monthly,2065.00,active,2025-07-23,2026-04-07,false
38,22,19,1,10,monthly,290.00,active,2026-08-23,9999-12-31,true
39,23,20,2,4,annual,196.67,active,2026-06-03,9999-12-31,true
40,24,21,2,2,monthly,118.00,active,2026-02-14,9999-12-31,true
41,25,22,2,12,monthly,708.00,active,2023-04-24,2023-07-24,false
42,25,22,2,14,monthly,826.00,active,2023-07-24,2023-12-28,false
43,26,23,1,6,monthly,174.00,active,2022-12-01,2023-04-13,false
44,27,24,2,13,monthly,767.00,active,2023-01-01,2023-03-12,false
45,27,24,2,15,monthly,885.00,active,2023-03-12,2023-05-09,false
46,27,24,3,15,monthly,1485.00,active,2023-05-09,2024-08-31,false
47,27,24,3,18,monthly,1782.00,active,2024-08-31,2025-03-09,false
48,28,25,2,5,monthly,295.00,active,2025-04-23,2025-08-09,false
49,28,25,2,6,monthly,354.00,active,2025-08-09,2026-04-05,false
50,28,25,3,6,monthly,594.00,active,2026-04-05,2026-07-08,false
51,29,26,3,15,monthly,1485.00,active,2025-11-25,9999-12-31,true
52,30,27,1,10,monthly,290.00,active,2024-04-18,2025-05-12,false
53,31,27,1,6,monthly,174.00,active,2026-01-27,9999-12-31,true
54,32,28,2,8,annual,393.33,active,2025-09-03,9999-12-31,true
55,33,29,1,10,monthly,290.00,active,2025-01-25,2025-11-13,false
56,34,30,1,2,monthly,58.00,active,2025-03-04,2025-09-01,false
57,34,30,1,3,monthly,87.00,active,2025-09-01,2026-03-23,false
58,35,31,2,11,annual,540.83,active,2023-07-31,2024-03-24,false
59,35,31,2,12,annual,590.00,active,2024-03-24,2024-11-03,false
60,35,31,1,10,monthly,290.00,active,2024-11-03,9999-12-31,true
61,36,32,3,85,annual,7012.50,active,2024-05-09,2024-08-12,false
62,36,32,4,85,annual,10554.17,active,2024-08-12,9999-12-31,true
63,37,33,1,6,monthly,174.00,active,2026-08-05,9999-12-31,true
64,38,34,2,37,monthly,2183.00,active,2025-03-24,2025-08-14,false
65,38,34,3,37,monthly,3663.00,active,2025-08-14,2025-12-30,false
66,38,34,3,30,monthly,2970.00,active,2025-12-30,2026-04-21,false
67,38,34,3,32,monthly,3168.00,active,2026-04-21,9999-12-31,true
68,39,35,2,19,monthly,1121.00,active,2025-08-06,2026-02-03,false
69,39,35,3,19,monthly,1881.00,active,2026-02-03,2026-06-12,false
70,40,36,2,13,annual,639.17,active,2024-04-17,2025-01-22,false
71,40,36,2,14,annual,688.33,active,2025-01-22,2025-05-14,false
72,40,36,2,16,annual,786.67,active,2025-05-14,2025-06-20,false
73,40,36,2,14,annual,688.33,active,2025-06-20,2025-10-30,false
74,40,36,2,12,annual,590.00,active,2025-10-30,2026-03-15,false
75,40,36,2,14,annual,688.33,active,2026-03-15,9999-12-31,true
76,41,37,3,356,annual,29370.00,active,2025-08-27,2026-01-28,false
77,41,37,4,356,annual,44203.33,active,2026-01-28,2026-02-18,false
78,41,37,4,411,annual,51032.50,active,2026-02-18,9999-12-31,true
79,42,38,3,19,annual,1567.50,active,2023-02-07,2023-07-31,false
80,42,38,3,17,annual,1402.50,active,2023-07-31,2023-11-11,false
81,42,38,3,21,annual,1732.50,active,2023-11-11,2024-03-29,false
82,42,38,4,21,annual,2607.50,active,2024-03-29,2024-07-06,false
83,42,38,4,24,annual,2980.00,active,2024-07-06,2025-02-17,false
84,42,38,4,27,annual,3352.50,active,2025-02-17,2025-05-31,false
85,42,38,3,27,annual,2227.50,active,2025-05-31,2025-10-23,false
86,42,38,3,31,annual,2557.50,active,2025-10-23,2026-07-30,false
87,42,38,3,24,annual,1980.00,active,2026-07-30,9999-12-31,true
88,43,39,1,2,monthly,58.00,active,2024-01-06,2025-07-13,false
89,43,39,1,3,monthly,87.00,active,2025-07-13,9999-12-31,true
90,44,40,3,8,monthly,792.00,active,2025-06-05,2026-03-28,false
91,44,40,3,10,monthly,990.00,active,2026-03-28,9999-12-31,true
92,45,41,1,10,monthly,290.00,active,2023-02-05,2023-10-26,false
93,46,42,3,14,annual,1155.00,active,2022-07-02,2023-03-13,false
94,46,42,3,16,annual,1320.00,active,2023-03-13,2024-04-23,false
95,46,42,3,19,annual,1567.50,active,2024-04-23,2026-06-22,false
96,46,42,4,19,annual,2359.17,active,2026-06-22,9999-12-31,true
97,47,43,1,10,monthly,290.00,active,2022-10-18,2023-07-09,false
98,47,43,2,10,monthly,590.00,active,2023-07-09,2024-05-15,false
99,48,44,3,460,annual,37950.00,active,2023-12-15,2024-02-29,false
100,48,44,2,50,annual,2458.33,active,2024-02-29,9999-12-31,true
101,49,45,2,6,annual,295.00,active,2025-12-22,2026-06-12,false
102,49,45,2,7,annual,344.17,active,2026-06-12,9999-12-31,true
103,50,46,3,35,monthly,3465.00,active,2024-11-19,2025-02-05,false
104,50,46,4,35,annual,4345.83,active,2025-02-05,2025-07-18,false
105,50,46,3,35,annual,2887.50,active,2025-07-18,2025-11-16,false
106,50,46,3,41,annual,3382.50,active,2025-11-16,2026-02-24,false
107,50,46,3,34,annual,2805.00,active,2026-02-24,9999-12-31,true
108,51,47,4,353,annual,43830.83,active,2026-01-10,2026-02-05,false
109,51,47,4,430,annual,53391.67,active,2026-02-05,9999-12-31,true
110,52,48,3,4,monthly,396.00,active,2025-03-31,2026-02-16,false
111,53,49,3,292,annual,24090.00,active,2026-06-22,9999-12-31,true
112,54,50,2,4,monthly,236.00,active,2023-11-02,2025-03-06,false
113,54,50,2,5,monthly,295.00,active,2025-03-06,2026-04-24,false
114,55,51,1,10,monthly,290.00,active,2024-02-03,9999-12-31,true
115,56,52,4,266,annual,33028.33,active,2023-11-11,2024-04-09,false
116,56,52,3,266,annual,21945.00,active,2024-04-09,2024-10-21,false
117,56,52,3,294,annual,24255.00,active,2024-10-21,2026-01-07,false
118,56,52,3,322,annual,26565.00,active,2026-01-07,2026-02-07,false
119,56,52,3,379,annual,31267.50,active,2026-02-07,9999-12-31,true
120,57,53,1,10,monthly,290.00,active,2022-08-22,2023-10-27,false
121,57,53,1,9,monthly,261.00,active,2023-10-27,2024-03-01,false
122,57,53,1,10,monthly,290.00,active,2024-03-01,2024-08-19,false
123,58,54,2,12,monthly,708.00,active,2023-04-28,2023-10-26,false
124,59,55,3,4,monthly,396.00,active,2025-04-14,2026-07-02,false
125,60,56,1,4,monthly,116.00,active,2025-07-01,2025-08-01,false
126,60,56,2,4,monthly,236.00,active,2025-08-01,2026-04-05,false
127,61,57,4,30,annual,3725.00,active,2024-09-07,2025-03-23,false
128,61,57,4,33,annual,4097.50,active,2025-03-23,2025-12-15,false
129,61,57,4,38,annual,4718.33,active,2025-12-15,9999-12-31,true
130,62,58,1,7,monthly,203.00,active,2026-02-20,2026-05-15,false
131,62,58,1,8,monthly,232.00,active,2026-05-15,9999-12-31,true
132,63,59,3,17,annual,1402.50,active,2025-06-28,2025-08-06,false
133,63,59,4,17,annual,2110.83,active,2025-08-06,2026-02-18,false
134,63,59,4,20,annual,2483.33,active,2026-02-18,2026-04-07,false
135,63,59,4,22,annual,2731.67,active,2026-04-07,9999-12-31,true
136,64,60,1,5,monthly,145.00,active,2025-09-03,2026-05-16,false
137,64,60,1,4,monthly,116.00,active,2026-05-16,9999-12-31,true
138,65,61,4,146,annual,18128.33,active,2024-11-28,9999-12-31,true
139,66,62,2,22,annual,1081.67,active,2026-03-04,9999-12-31,true
140,67,63,1,2,monthly,58.00,active,2025-11-19,2026-01-13,false
141,67,63,1,3,monthly,87.00,active,2026-01-13,9999-12-31,true
142,68,64,2,12,monthly,708.00,active,2026-07-31,9999-12-31,true
143,69,65,1,9,monthly,261.00,active,2026-05-31,2026-07-25,false
144,69,65,1,7,monthly,203.00,active,2026-07-25,9999-12-31,true
145,70,66,1,5,monthly,145.00,active,2025-10-08,2026-05-07,false
146,71,67,4,176,annual,21853.33,active,2026-02-24,2026-07-26,false
147,71,67,4,150,annual,18625.00,active,2026-07-26,9999-12-31,true
148,72,68,2,48,annual,2360.00,active,2025-08-01,2026-04-06,false
149,72,68,2,50,annual,2458.33,active,2026-04-06,9999-12-31,true
150,73,69,2,11,monthly,649.00,active,2023-06-29,2024-07-21,false
151,74,70,1,10,monthly,290.00,active,2023-08-13,2023-11-26,false
152,75,71,4,70,annual,8691.67,active,2026-08-19,9999-12-31,true
153,76,72,3,5,monthly,495.00,active,2023-01-17,2023-09-22,false
154,76,72,3,6,monthly,594.00,active,2023-09-22,2023-10-30,false
155,76,72,3,7,monthly,693.00,active,2023-10-30,2024-06-27,false
156,77,73,2,4,monthly,236.00,active,2024-01-29,2024-11-28,false
157,77,73,3,4,monthly,396.00,active,2024-11-28,2024-12-08,false
158,77,73,3,5,monthly,495.00,active,2024-12-08,2025-10-24,false
159,77,73,3,6,monthly,594.00,active,2025-10-24,2025-12-13,false
160,77,73,3,7,monthly,693.00,active,2025-12-13,9999-12-31,true
161,78,74,3,10,annual,825.00,active,2023-05-19,2023-09-19,false
162,79,74,3,7,annual,577.50,active,2023-12-17,2024-09-28,false
163,80,75,1,3,monthly,87.00,active,2025-09-24,2026-01-16,false
164,81,76,4,240,annual,29800.00,active,2025-03-28,2025-09-02,false
165,81,76,3,240,annual,19800.00,active,2025-09-02,2025-11-11,false
166,81,76,3,186,annual,15345.00,active,2025-11-11,9999-12-31,true
167,82,77,3,32,monthly,3168.00,active,2024-11-06,2025-11-17,false
168,82,77,3,28,monthly,2772.00,active,2025-11-17,9999-12-31,true
169,83,78,2,4,annual,196.67,active,2023-04-30,2023-12-31,false
170,84,79,2,9,annual,442.50,active,2025-10-16,2026-01-06,false
171,84,79,2,11,annual,540.83,active,2026-01-06,2026-02-14,false
172,84,79,3,11,annual,907.50,active,2026-02-14,9999-12-31,true
173,85,80,1,6,monthly,174.00,active,2025-10-11,2026-06-24,false
174,85,80,1,7,monthly,203.00,active,2026-06-24,9999-12-31,true
175,86,81,1,7,monthly,203.00,active,2025-08-25,2026-05-19,false
176,86,81,2,7,monthly,413.00,active,2026-05-19,9999-12-31,true
177,87,82,3,20,annual,1650.00,active,2026-06-09,9999-12-31,true
178,88,83,1,10,monthly,290.00,active,2025-03-27,2025-06-30,false
179,88,83,1,8,monthly,232.00,active,2025-06-30,2026-01-14,false
180,89,84,1,2,monthly,58.00,active,2026-06-22,2026-08-30,false
181,90,85,3,8,annual,660.00,active,2023-08-05,2024-03-14,false
182,90,85,3,10,annual,825.00,active,2024-03-14,2024-06-22,false
183,90,85,3,8,annual,660.00,active,2024-06-22,2025-05-16,false
184,90,85,3,9,annual,742.50,active,2025-05-16,9999-12-31,true
185,91,86,2,17,annual,835.83,active,2024-12-03,2025-05-20,false
186,91,86,2,13,annual,639.17,active,2025-05-20,9999-12-31,true
187,92,87,2,7,monthly,413.00,active,2024-09-12,2025-01-01,false
188,92,87,3,7,monthly,693.00,active,2025-01-01,2025-02-23,false
189,93,88,3,461,annual,38032.50,active,2025-04-01,2025-08-09,false
190,93,88,3,383,annual,31597.50,active,2025-08-09,2025-09-05,false
191,93,88,3,437,annual,36052.50,active,2025-09-05,2026-07-23,false
192,93,88,3,351,annual,28957.50,active,2026-07-23,9999-12-31,true
193,94,89,3,60,monthly,5940.00,active,2025-02-04,2025-07-11,false
194,94,89,3,65,monthly,6435.00,active,2025-07-11,2025-09-23,false
195,94,89,4,65,annual,8070.83,active,2025-09-23,2026-05-07,false
196,94,89,4,69,annual,8567.50,active,2026-05-07,9999-12-31,true
197,95,90,1,5,monthly,145.00,active,2024-11-20,2026-05-14,false
198,96,91,4,106,annual,13161.67,active,2023-07-16,2024-01-12,false
199,96,91,4,117,annual,14527.50,active,2024-01-12,2024-04-08,false
200,96,91,4,141,annual,17507.50,active,2024-04-08,2025-02-28,false
201,96,91,4,110,annual,13658.33,active,2025-02-28,9999-12-31,true
202,97,92,3,4,monthly,396.00,active,2023-08-21,2023-12-20,false
203,97,92,3,5,monthly,495.00,active,2023-12-20,2024-03-04,false
204,97,92,3,6,monthly,594.00,active,2024-03-04,2024-07-26,false
205,97,92,3,7,monthly,693.00,active,2024-07-26,2024-08-01,false
206,97,92,3,8,monthly,792.00,active,2024-08-01,2024-09-10,false
207,97,92,3,10,monthly,990.00,active,2024-09-10,2024-12-11,false
208,98,93,2,50,annual,2458.33,active,2023-01-07,2023-06-24,false
209,98,93,3,50,annual,4125.00,active,2023-06-24,2024-07-20,false
210,98,93,3,59,annual,4867.50,active,2024-07-20,2024-11-26,false
211,98,93,4,59,annual,7325.83,active,2024-11-26,2025-03-02,false
212,98,93,4,63,annual,7822.50,active,2025-03-02,2025-07-02,false
213,98,93,4,68,annual,8443.33,active,2025-07-02,2026-02-10,false
214,98,93,4,76,annual,9436.67,active,2026-02-10,2026-03-26,false
215,98,93,4,88,annual,10926.67,active,2026-03-26,9999-12-31,true
216,99,94,4,148,annual,18376.67,active,2024-05-07,2024-08-09,false
217,99,94,4,160,annual,19866.67,active,2024-08-09,2025-04-22,false
218,99,94,4,185,annual,22970.83,active,2025-04-22,2026-02-19,false
219,99,94,4,202,annual,25081.67,active,2026-02-19,9999-12-31,true
220,100,95,4,227,annual,28185.83,active,2025-02-07,2025-10-07,false
221,100,95,4,250,annual,31041.67,active,2025-10-07,2026-03-26,false
222,100,95,4,294,annual,36505.00,active,2026-03-26,2026-07-25,false
223,100,95,4,228,annual,28310.00,active,2026-07-25,9999-12-31,true
224,101,96,2,8,monthly,472.00,active,2023-08-10,2024-07-04,false
225,101,96,2,9,monthly,531.00,active,2024-07-04,2024-08-06,false
226,101,96,2,10,monthly,590.00,active,2024-08-06,2024-09-10,false
227,101,96,2,11,monthly,649.00,active,2024-09-10,2025-02-23,false
228,101,96,1,10,monthly,290.00,active,2025-02-23,2026-08-17,false
229,101,96,1,8,monthly,232.00,active,2026-08-17,9999-12-31,true
230,102,97,4,209,annual,25950.83,active,2023-11-19,2024-11-15,false
231,102,97,4,243,annual,30172.50,active,2024-11-15,2025-05-13,false
232,102,97,4,290,annual,36008.33,active,2025-05-13,9999-12-31,true
233,103,98,1,4,monthly,116.00,active,2024-11-22,2025-01-06,false
234,103,98,1,5,monthly,145.00,active,2025-01-06,2025-05-14,false
235,103,98,1,6,monthly,174.00,active,2025-05-14,9999-12-31,true
236,104,99,3,8,monthly,792.00,active,2026-05-30,2026-06-07,false
237,104,99,3,9,monthly,891.00,active,2026-06-07,9999-12-31,true
238,105,100,1,3,monthly,87.00,active,2024-09-05,2025-01-10,false
239,105,100,2,3,monthly,177.00,active,2025-01-10,2026-05-22,false
240,106,101,4,189,annual,23467.50,active,2024-12-13,2026-04-11,false
241,106,101,4,219,annual,27192.50,active,2026-04-11,9999-12-31,true
242,107,102,4,105,annual,13037.50,active,2025-11-24,9999-12-31,true
243,108,103,2,11,monthly,649.00,active,2025-12-16,2026-01-31,false
244,108,103,3,11,monthly,1089.00,active,2026-01-31,9999-12-31,true
245,109,104,2,6,monthly,354.00,active,2023-07-24,2023-11-14,false
246,109,104,3,6,monthly,594.00,active,2023-11-14,2024-06-11,false
247,110,105,2,21,monthly,1239.00,active,2025-08-11,2025-10-28,false
248,111,106,1,4,monthly,116.00,active,2024-08-15,2025-08-03,false
249,111,106,1,5,monthly,145.00,active,2025-08-03,2025-10-29,false
250,111,106,1,4,monthly,116.00,active,2025-10-29,9999-12-31,true
251,112,107,3,16,monthly,1584.00,active,2025-05-15,2026-02-18,false
252,112,107,3,18,monthly,1782.00,active,2026-02-18,9999-12-31,true
253,113,108,1,9,monthly,261.00,active,2026-02-18,2026-05-23,false
254,114,109,1,10,monthly,290.00,active,2025-05-22,9999-12-31,true
255,115,110,2,8,monthly,472.00,active,2024-09-09,2025-12-24,false
256,115,110,2,10,monthly,590.00,active,2025-12-24,2026-06-13,false
257,116,111,2,14,monthly,826.00,active,2025-04-12,2025-11-18,false
258,116,111,2,15,monthly,885.00,active,2025-11-18,9999-12-31,true
259,117,112,2,10,monthly,590.00,active,2024-03-30,2025-01-24,false
260,117,112,3,10,monthly,990.00,active,2025-01-24,2025-08-05,false
261,117,112,3,12,monthly,1188.00,active,2025-08-05,2026-07-03,false
262,117,112,3,13,monthly,1287.00,active,2026-07-03,2026-08-28,false
263,117,112,4,13,annual,1614.17,active,2026-08-28,9999-12-31,true
264,118,113,4,102,annual,12665.00,active,2026-04-11,9999-12-31,true
265,119,114,1,4,monthly,116.00,active,2024-06-11,2024-09-19,false
266,120,115,2,12,annual,590.00,active,2024-08-02,2024-09-26,false
267,120,115,2,11,annual,540.83,active,2024-09-26,2025-07-29,false
268,121,116,2,14,monthly,826.00,active,2025-11-03,2026-02-05,false
269,121,116,3,14,monthly,1386.00,active,2026-02-05,9999-12-31,true
270,122,117,2,18,monthly,1062.00,active,2025-01-31,2025-11-05,false
271,122,117,2,20,monthly,1180.00,active,2025-11-05,2025-12-21,false
272,122,117,3,20,monthly,1980.00,active,2025-12-21,2026-05-19,false
273,122,117,3,22,monthly,2178.00,active,2026-05-19,9999-12-31,true
274,123,118,4,611,annual,75865.83,active,2024-09-02,2025-08-28,false
275,123,118,4,729,annual,90517.50,active,2025-08-28,2025-12-01,false
276,123,118,4,805,annual,99954.17,active,2025-12-01,9999-12-31,true
277,124,119,4,202,annual,25081.67,active,2025-01-27,2026-07-04,false
278,124,119,4,229,annual,28434.17,active,2026-07-04,9999-12-31,true
279,125,120,4,25,annual,3104.17,active,2024-05-13,2024-08-28,false
280,125,120,4,22,annual,2731.67,active,2024-08-28,2025-05-26,false
281,125,120,4,25,annual,3104.17,active,2025-05-26,2025-12-26,false
282,125,120,4,23,annual,2855.83,active,2025-12-26,9999-12-31,true
283,126,121,1,10,monthly,290.00,active,2026-03-08,9999-12-31,true
284,127,122,3,307,annual,25327.50,active,2024-04-17,2024-07-30,false
285,127,122,3,273,annual,22522.50,active,2024-07-30,2025-06-22,false
286,127,122,4,273,annual,33897.50,active,2025-06-22,2026-02-08,false
287,127,122,4,330,annual,40975.00,active,2026-02-08,9999-12-31,true
288,128,123,1,10,monthly,290.00,active,2025-02-09,2026-01-12,false
289,128,123,1,9,monthly,261.00,active,2026-01-12,9999-12-31,true
290,129,124,1,10,monthly,290.00,active,2026-05-28,9999-12-31,true
291,130,125,1,7,monthly,203.00,active,2024-10-24,2025-10-04,false
292,130,125,1,8,monthly,232.00,active,2025-10-04,2026-04-10,false
293,131,126,1,9,monthly,261.00,active,2026-02-12,9999-12-31,true
294,132,127,1,10,monthly,290.00,active,2024-06-08,2024-08-31,false
295,132,127,1,8,monthly,232.00,active,2024-08-31,2024-11-11,false
296,132,127,1,9,monthly,261.00,active,2024-11-11,2024-12-16,false
297,133,128,2,27,annual,1327.50,active,2023-12-05,2024-02-08,false
298,133,128,2,24,annual,1180.00,active,2024-02-08,2024-08-05,false
299,133,128,3,24,annual,1980.00,active,2024-08-05,2025-03-26,false
300,133,128,3,29,annual,2392.50,active,2025-03-26,2025-07-08,false
301,133,128,3,35,annual,2887.50,active,2025-07-08,2026-04-10,false
302,133,128,4,35,annual,4345.83,active,2026-04-10,9999-12-31,true
303,134,129,4,123,annual,15272.50,active,2026-02-18,2026-05-09,false
304,134,129,4,102,annual,12665.00,active,2026-05-09,9999-12-31,true
305,135,130,1,4,monthly,116.00,active,2026-05-23,9999-12-31,true
306,136,131,2,7,monthly,413.00,active,2025-01-31,2025-07-31,false
307,136,131,1,7,monthly,203.00,active,2025-07-31,2026-01-19,false
308,136,131,1,8,monthly,232.00,active,2026-01-19,9999-12-31,true
309,137,132,1,6,monthly,174.00,active,2025-01-07,2025-12-13,false
310,138,133,2,26,annual,1278.33,active,2024-12-03,2025-03-25,false
311,138,133,2,31,annual,1524.17,active,2025-03-25,2025-10-02,false
312,138,133,2,35,annual,1720.83,active,2025-10-02,9999-12-31,true
313,139,134,1,7,monthly,203.00,active,2025-07-13,2025-12-04,false
314,139,134,1,6,monthly,174.00,active,2025-12-04,9999-12-31,true
315,140,135,4,612,annual,75990.00,active,2024-09-11,2025-03-14,false
316,140,135,4,662,annual,82198.33,active,2025-03-14,2026-05-17,false
317,140,135,3,662,annual,54615.00,active,2026-05-17,9999-12-31,true
318,141,136,2,8,monthly,472.00,active,2026-02-17,2026-08-18,false
319,142,137,2,9,monthly,531.00,active,2025-12-29,2026-03-16,false
320,143,138,1,2,monthly,58.00,active,2026-04-25,2026-06-03,false
321,143,138,1,3,monthly,87.00,active,2026-06-03,9999-12-31,true
322,144,139,4,34,annual,4221.67,active,2025-07-21,9999-12-31,true
323,145,140,3,112,annual,9240.00,active,2025-01-17,2025-03-26,false
324,145,140,4,112,annual,13906.67,active,2025-03-26,2025-06-13,false
325,145,140,4,132,annual,16390.00,active,2025-06-13,2026-02-24,false
326,145,140,4,108,annual,13410.00,active,2026-02-24,9999-12-31,true
327,146,141,3,3,annual,247.50,active,2023-10-30,2025-06-20,false
328,146,141,4,3,annual,372.50,active,2025-06-20,9999-12-31,true
329,147,142,2,18,monthly,1062.00,active,2026-07-05,9999-12-31,true
330,148,143,1,3,monthly,87.00,active,2026-03-24,9999-12-31,true
331,149,144,3,18,monthly,1782.00,active,2023-05-02,2025-01-14,false
332,149,144,4,18,annual,2235.00,active,2025-01-14,2026-04-30,false
333,149,144,3,18,annual,1485.00,active,2026-04-30,2026-08-30,false
334,149,144,3,22,annual,1815.00,active,2026-08-30,9999-12-31,true
335,150,145,1,10,monthly,290.00,active,2023-01-04,2023-06-02,false
336,151,146,2,27,annual,1327.50,active,2026-01-17,2026-04-19,false
337,151,146,3,27,annual,2227.50,active,2026-04-19,9999-12-31,true
338,152,147,1,2,monthly,58.00,active,2023-02-08,2025-01-18,false
339,152,147,1,3,monthly,87.00,active,2025-01-18,2025-07-23,false
340,152,147,1,4,monthly,116.00,active,2025-07-23,2026-05-31,false
341,152,147,2,4,monthly,236.00,active,2026-05-31,9999-12-31,true
342,153,148,2,38,annual,1868.33,active,2023-02-10,2023-03-13,false
343,153,148,2,44,annual,2163.33,active,2023-03-13,2023-06-13,false
344,153,148,1,10,monthly,290.00,active,2023-06-13,2025-11-16,false
345,153,148,2,10,monthly,590.00,active,2025-11-16,9999-12-31,true
346,154,149,2,30,annual,1475.00,active,2024-04-15,2025-11-29,false
347,154,149,2,33,annual,1622.50,active,2025-11-29,2025-12-03,false
348,155,150,3,56,monthly,5544.00,active,2024-10-04,2025-02-23,false
349,155,150,4,56,annual,6953.33,active,2025-02-23,2025-05-11,false
350,155,150,4,47,annual,5835.83,active,2025-05-11,2026-01-05,false
351,155,150,4,54,annual,6705.00,active,2026-01-05,9999-12-31,true
352,156,151,2,5,monthly,295.00,active,2025-07-05,2025-09-24,false
353,157,152,1,4,monthly,116.00,active,2024-01-23,2024-02-26,false
354,157,152,1,3,monthly,87.00,active,2024-02-26,2024-08-31,false
355,157,152,2,3,monthly,177.00,active,2024-08-31,2025-02-05,false
356,157,152,2,4,monthly,236.00,active,2025-02-05,2025-09-15,false
357,157,152,2,5,monthly,295.00,active,2025-09-15,2025-11-30,false
358,157,152,2,4,monthly,236.00,active,2025-11-30,2026-05-03,false
359,157,152,1,4,monthly,116.00,active,2026-05-03,2026-07-28,false
360,157,152,2,4,monthly,236.00,active,2026-07-28,9999-12-31,true
361,158,153,1,7,monthly,203.00,active,2023-10-29,2023-12-31,false
362,158,153,1,8,monthly,232.00,active,2023-12-31,2024-01-25,false
363,158,153,1,9,monthly,261.00,active,2024-01-25,2024-05-16,false
364,158,153,1,10,monthly,290.00,active,2024-05-16,2024-11-16,false
365,159,154,1,2,monthly,58.00,active,2026-03-11,2026-05-25,false
366,160,155,1,7,monthly,203.00,active,2024-09-09,2024-10-15,false
367,160,155,1,6,monthly,174.00,active,2024-10-15,2024-12-15,false
368,160,155,2,6,monthly,354.00,active,2024-12-15,2025-11-06,false
369,161,156,3,5,annual,412.50,active,2025-03-21,2025-06-02,false
370,161,156,3,6,annual,495.00,active,2025-06-02,2025-08-06,false
371,161,156,3,7,annual,577.50,active,2025-08-06,2025-12-31,false
372,161,156,3,8,annual,660.00,active,2025-12-31,2026-06-21,false
373,161,156,4,8,annual,993.33,active,2026-06-21,9999-12-31,true
374,162,157,4,250,annual,31041.67,active,2025-12-22,2026-04-03,false
375,162,157,4,293,annual,36380.83,active,2026-04-03,9999-12-31,true
376,163,158,1,10,monthly,290.00,active,2026-05-21,2026-07-28,false
377,164,159,2,13,annual,639.17,active,2025-10-04,2026-06-23,false
378,164,159,2,15,annual,737.50,active,2026-06-23,9999-12-31,true
379,165,160,2,6,annual,295.00,active,2025-08-24,2025-12-12,false
380,165,160,1,6,monthly,174.00,active,2025-12-12,9999-12-31,true
381,166,161,2,8,monthly,472.00,active,2026-06-25,2026-07-29,false
382,166,161,2,9,monthly,531.00,active,2026-07-29,9999-12-31,true
383,167,162,1,10,monthly,290.00,active,2026-01-16,2026-08-26,false
384,168,163,2,27,annual,1327.50,active,2024-10-06,2025-05-02,false
385,169,164,1,9,monthly,261.00,active,2025-04-13,2026-08-19,false
386,169,164,1,10,monthly,290.00,active,2026-08-19,9999-12-31,true
387,170,165,3,145,annual,11962.50,active,2024-11-02,2025-02-26,false
388,170,165,3,176,annual,14520.00,active,2025-02-26,2025-04-18,false
389,170,165,3,213,annual,17572.50,active,2025-04-18,2026-07-12,false
390,170,165,3,235,annual,19387.50,active,2026-07-12,9999-12-31,true
391,171,166,2,8,monthly,472.00,active,2025-04-09,2025-08-26,false
392,171,166,2,6,monthly,354.00,active,2025-08-26,2025-12-23,false
393,172,167,3,19,annual,1567.50,active,2024-09-30,2025-03-12,false
394,173,168,2,7,annual,344.17,active,2025-02-12,2025-09-28,false
395,173,168,2,8,annual,393.33,active,2025-09-28,2026-01-25,false
396,173,168,3,8,annual,660.00,active,2026-01-25,2026-08-23,false
397,174,169,3,60,annual,4950.00,active,2025-03-26,2025-04-01,false
398,174,169,2,50,annual,2458.33,active,2025-04-01,2025-07-12,false
399,174,169,1,10,monthly,290.00,active,2025-07-12,9999-12-31,true
400,175,170,2,8,monthly,472.00,active,2025-06-12,2025-11-15,false
401,175,170,3,8,monthly,792.00,active,2025-11-15,2026-02-01,false
402,176,171,1,10,monthly,290.00,active,2024-05-22,2025-02-15,false
403,177,172,1,10,monthly,290.00,active,2022-12-07,9999-12-31,true
404,178,173,3,34,monthly,3366.00,active,2025-06-29,2026-01-22,false
405,178,173,3,40,monthly,3960.00,active,2026-01-22,2026-05-11,false
406,178,173,3,48,monthly,4752.00,active,2026-05-11,2026-07-31,false
407,179,174,1,10,monthly,290.00,active,2026-08-10,9999-12-31,true
408,180,175,2,25,monthly,1475.00,active,2023-07-15,2024-03-16,false
409,181,175,2,17,monthly,1003.00,active,2024-06-16,2025-05-06,false
410,182,176,4,271,annual,33649.17,active,2023-10-18,2025-10-08,false
411,182,176,4,291,annual,36132.50,active,2025-10-08,2025-11-07,false
412,182,176,4,228,annual,28310.00,active,2025-11-07,2026-05-08,false
413,182,176,4,251,annual,31165.83,active,2026-05-08,9999-12-31,true
414,183,177,3,16,monthly,1584.00,active,2026-07-30,9999-12-31,true
415,184,178,1,10,monthly,290.00,active,2024-08-05,2024-09-17,false
416,184,178,2,10,monthly,590.00,active,2024-09-17,2025-04-06,false
417,184,178,2,9,monthly,531.00,active,2025-04-06,2025-06-01,false
418,184,178,1,9,monthly,261.00,active,2025-06-01,2025-08-19,false
419,184,178,1,10,monthly,290.00,active,2025-08-19,2025-09-28,false
420,184,178,1,8,monthly,232.00,active,2025-09-28,9999-12-31,true
421,185,179,2,2,monthly,118.00,active,2022-08-12,2022-12-10,false
422,186,180,1,2,monthly,58.00,active,2026-08-18,9999-12-31,true
423,187,181,2,32,monthly,1888.00,active,2026-04-30,2026-07-14,false
424,187,181,2,27,monthly,1593.00,active,2026-07-14,9999-12-31,true
425,188,182,4,492,annual,61090.00,active,2023-08-05,2026-02-18,false
426,188,182,4,591,annual,73382.50,active,2026-02-18,9999-12-31,true
427,189,183,3,16,monthly,1584.00,active,2022-09-26,2023-01-12,false
428,189,183,3,18,monthly,1782.00,active,2023-01-12,2023-11-04,false
429,189,183,3,19,monthly,1881.00,active,2023-11-04,2024-06-21,false
430,189,183,4,19,annual,2359.17,active,2024-06-21,2024-10-23,false
431,189,183,4,23,annual,2855.83,active,2024-10-23,2025-01-27,false
432,189,183,4,26,annual,3228.33,active,2025-01-27,2025-04-20,false
433,189,183,4,30,annual,3725.00,active,2025-04-20,9999-12-31,true
434,190,184,1,7,monthly,203.00,active,2024-08-08,2024-11-25,false
435,191,185,2,16,monthly,944.00,active,2024-10-14,2025-12-25,false
436,191,185,2,17,monthly,1003.00,active,2025-12-25,2026-05-06,false
437,191,185,2,20,monthly,1180.00,active,2026-05-06,2026-07-07,false
438,191,185,2,18,monthly,1062.00,active,2026-07-07,9999-12-31,true
439,192,186,4,290,annual,36008.33,active,2026-03-17,9999-12-31,true
440,193,187,3,95,annual,7837.50,active,2025-03-27,2026-01-31,false
441,193,187,3,101,annual,8332.50,active,2026-01-31,9999-12-31,true
442,194,188,1,10,monthly,290.00,active,2026-02-04,2026-07-12,false
443,194,188,2,10,monthly,590.00,active,2026-07-12,9999-12-31,true
444,195,189,3,19,annual,1567.50,active,2023-07-18,2024-03-17,false
445,195,189,4,19,annual,2359.17,active,2024-03-17,2024-10-17,false
446,195,189,4,22,annual,2731.67,active,2024-10-17,2025-03-10,false
447,195,189,4,26,annual,3228.33,active,2025-03-10,9999-12-31,true
448,196,190,1,10,monthly,290.00,active,2024-12-18,2025-02-02,false
449,197,191,3,10,annual,825.00,active,2025-03-17,2025-04-22,false
450,197,191,3,12,annual,990.00,active,2025-04-22,2025-06-02,false
451,198,192,3,75,annual,6187.50,active,2024-02-04,2024-05-30,false
452,199,193,1,6,monthly,174.00,active,2024-05-28,2025-05-04,false
453,200,194,4,377,annual,46810.83,active,2022-12-31,2025-05-12,false
454,201,194,3,342,annual,28215.00,active,2025-12-26,2026-05-10,false
455,201,194,3,376,annual,31020.00,active,2026-05-10,2026-06-08,false
456,202,195,2,9,annual,442.50,active,2026-05-26,2026-06-13,false
457,202,195,3,9,annual,742.50,active,2026-06-13,9999-12-31,true
458,203,196,2,3,monthly,177.00,active,2023-01-07,2023-06-16,false
459,203,196,3,3,monthly,297.00,active,2023-06-16,2023-11-01,false
460,203,196,3,4,monthly,396.00,active,2023-11-01,2024-04-18,false
461,204,197,2,35,monthly,2065.00,active,2022-11-04,2023-06-15,false
462,204,197,2,37,monthly,2183.00,active,2023-06-15,2023-09-15,false
463,205,198,1,4,monthly,116.00,active,2026-07-14,9999-12-31,true
464,206,199,2,4,annual,196.67,active,2025-11-30,2026-01-21,false
465,207,199,2,2,monthly,118.00,active,2026-05-14,9999-12-31,true
466,208,200,3,146,annual,12045.00,active,2026-08-13,9999-12-31,true
467,209,201,2,10,monthly,590.00,active,2024-03-01,2024-07-01,false
468,209,201,2,12,monthly,708.00,active,2024-07-01,2024-12-30,false
469,209,201,1,10,monthly,290.00,active,2024-12-30,2026-01-23,false
470,209,201,2,10,monthly,590.00,active,2026-01-23,9999-12-31,true
471,210,202,1,7,monthly,203.00,active,2026-08-20,9999-12-31,true
472,211,203,3,18,annual,1485.00,active,2024-09-01,2024-11-27,false
473,211,203,3,14,annual,1155.00,active,2024-11-27,2025-05-25,false
474,211,203,4,14,annual,1738.33,active,2025-05-25,2026-01-23,false
475,211,203,3,14,annual,1155.00,active,2026-01-23,2026-07-17,false
476,211,203,2,14,annual,688.33,active,2026-07-17,9999-12-31,true
477,212,204,2,8,monthly,472.00,active,2026-06-04,9999-12-31,true
478,213,205,2,9,monthly,531.00,active,2025-05-01,2025-08-07,false
479,213,205,2,8,monthly,472.00,active,2025-08-07,2025-11-01,false
480,213,205,2,9,monthly,531.00,active,2025-11-01,9999-12-31,true
481,214,206,4,153,annual,18997.50,active,2026-04-26,9999-12-31,true
482,215,207,3,11,monthly,1089.00,active,2022-12-13,2023-08-15,false
483,216,208,2,18,monthly,1062.00,active,2026-03-23,2026-07-31,false
484,216,208,2,20,monthly,1180.00,active,2026-07-31,9999-12-31,true
485,217,209,1,10,monthly,290.00,active,2023-10-18,2024-12-08,false
486,217,209,1,8,monthly,232.00,active,2024-12-08,2025-07-04,false
487,218,210,2,3,monthly,177.00,active,2026-07-03,9999-12-31,true
488,219,211,1,2,monthly,58.00,active,2024-08-09,2024-11-28,false
489,219,211,1,3,monthly,87.00,active,2024-11-28,2025-06-17,false
490,219,211,1,2,monthly,58.00,active,2025-06-17,9999-12-31,true
491,220,212,4,356,annual,44203.33,active,2023-03-21,2023-08-04,false
492,220,212,3,356,annual,29370.00,active,2023-08-04,2023-09-13,false
493,220,212,3,428,annual,35310.00,active,2023-09-13,2024-02-19,false
494,220,212,3,365,annual,30112.50,active,2024-02-19,2024-10-14,false
495,220,212,3,391,annual,32257.50,active,2024-10-14,2024-11-21,false
496,220,212,3,341,annual,28132.50,active,2024-11-21,2024-12-21,false
497,220,212,3,408,annual,33660.00,active,2024-12-21,2025-02-20,false
498,220,212,3,495,annual,40837.50,active,2025-02-20,2025-09-30,false
499,220,212,4,495,annual,61462.50,active,2025-09-30,9999-12-31,true
500,221,213,4,166,annual,20611.67,active,2024-07-16,2024-10-02,false
501,221,213,4,177,annual,21977.50,active,2024-10-02,2025-08-09,false
502,221,213,4,209,annual,25950.83,active,2025-08-09,9999-12-31,true
503,222,214,3,19,annual,1567.50,active,2025-01-30,2025-02-14,false
504,222,214,2,19,annual,934.17,active,2025-02-14,2025-04-03,false
505,222,214,3,19,annual,1567.50,active,2025-04-03,2026-02-12,false
506,222,214,3,21,annual,1732.50,active,2026-02-12,9999-12-31,true
507,223,215,1,4,monthly,116.00,active,2023-10-13,2025-01-16,false
508,223,215,1,5,monthly,145.00,active,2025-01-16,2025-11-29,false
509,223,215,1,6,monthly,174.00,active,2025-11-29,2025-12-09,false
510,223,215,1,7,monthly,203.00,active,2025-12-09,9999-12-31,true
511,224,216,3,159,annual,13117.50,active,2026-07-14,9999-12-31,true
512,225,217,3,5,monthly,495.00,active,2026-06-23,9999-12-31,true
513,226,218,1,3,monthly,87.00,active,2024-09-08,2024-10-26,false
514,226,218,2,3,monthly,177.00,active,2024-10-26,2024-12-11,false
515,226,218,3,3,monthly,297.00,active,2024-12-11,2025-04-11,false
516,226,218,3,4,monthly,396.00,active,2025-04-11,9999-12-31,true
517,227,219,3,9,monthly,891.00,active,2024-12-25,2025-01-27,false
518,227,219,3,10,monthly,990.00,active,2025-01-27,2025-06-03,false
519,227,219,3,11,monthly,1089.00,active,2025-06-03,9999-12-31,true
520,228,220,3,14,monthly,1386.00,active,2026-03-08,2026-07-01,false
521,228,220,3,15,monthly,1485.00,active,2026-07-01,9999-12-31,true
522,229,221,4,120,annual,14900.00,active,2025-10-29,2026-03-03,false
523,229,221,4,94,annual,11671.67,active,2026-03-03,2026-07-18,false
524,229,221,4,105,annual,13037.50,active,2026-07-18,9999-12-31,true
525,230,222,3,125,monthly,12375.00,active,2023-12-15,2024-03-07,false
526,230,222,3,146,monthly,14454.00,active,2024-03-07,2024-08-03,false
527,230,222,3,155,monthly,15345.00,active,2024-08-03,2024-12-12,false
528,230,222,3,186,monthly,18414.00,active,2024-12-12,2025-01-20,false
529,230,222,4,186,annual,23095.00,active,2025-01-20,9999-12-31,true
530,231,223,2,7,monthly,413.00,active,2024-09-16,2024-10-01,false
531,231,223,3,7,monthly,693.00,active,2024-10-01,2024-11-09,false
532,231,223,3,8,monthly,792.00,active,2024-11-09,2024-12-06,false
533,231,223,3,9,monthly,891.00,active,2024-12-06,2025-03-18,false
534,231,223,4,9,annual,1117.50,active,2025-03-18,9999-12-31,true
535,232,224,2,15,monthly,885.00,active,2024-10-24,2024-11-20,false
536,232,224,2,13,monthly,767.00,active,2024-11-20,2025-02-28,false
537,232,224,2,11,monthly,649.00,active,2025-02-28,2025-06-09,false
538,232,224,2,12,monthly,708.00,active,2025-06-09,2025-09-19,false
539,232,224,2,13,monthly,767.00,active,2025-09-19,2026-02-17,false
540,232,224,2,12,monthly,708.00,active,2026-02-17,2026-08-25,false
541,232,224,3,12,monthly,1188.00,active,2026-08-25,9999-12-31,true
542,233,225,3,19,annual,1567.50,active,2025-10-07,2026-02-24,false
543,233,225,4,19,annual,2359.17,active,2026-02-24,9999-12-31,true
544,234,226,1,7,monthly,203.00,active,2025-07-12,9999-12-31,true
545,235,227,2,6,annual,295.00,active,2025-05-06,9999-12-31,true
546,236,228,2,19,annual,934.17,active,2026-03-10,2026-07-13,false
547,236,228,2,22,annual,1081.67,active,2026-07-13,9999-12-31,true
548,237,229,2,12,monthly,708.00,active,2024-02-11,2024-06-30,false
549,238,230,2,26,monthly,1534.00,active,2023-09-28,2023-11-10,false
550,238,230,2,20,monthly,1180.00,active,2023-11-10,2024-03-07,false
551,238,230,3,20,monthly,1980.00,active,2024-03-07,2024-08-20,false
552,238,230,4,20,annual,2483.33,active,2024-08-20,2024-10-14,false
553,239,231,2,10,annual,491.67,active,2023-11-14,2024-05-25,false
554,240,232,2,9,monthly,531.00,active,2024-04-18,2024-08-16,false
555,240,232,2,10,monthly,590.00,active,2024-08-16,9999-12-31,true
556,241,233,2,4,annual,196.67,active,2026-04-25,2026-08-30,false
557,241,233,2,5,annual,245.83,active,2026-08-30,9999-12-31,true
558,242,234,2,2,monthly,118.00,active,2025-08-01,2026-03-09,false
559,242,234,3,2,monthly,198.00,active,2026-03-09,2026-08-28,false
560,242,234,3,3,monthly,297.00,active,2026-08-28,9999-12-31,true
561,243,235,2,46,monthly,2714.00,active,2025-08-30,2026-08-10,false
562,243,235,2,49,monthly,2891.00,active,2026-08-10,9999-12-31,true
563,244,236,2,16,annual,786.67,active,2024-05-15,2024-12-05,false
564,244,236,2,18,annual,885.00,active,2024-12-05,9999-12-31,true
565,245,237,3,212,annual,17490.00,active,2023-07-08,2024-08-12,false
566,245,237,3,257,annual,21202.50,active,2024-08-12,2025-02-11,false
567,245,237,3,307,annual,25327.50,active,2025-02-11,9999-12-31,true
568,246,238,2,26,annual,1278.33,active,2024-05-25,2025-02-04,false
569,246,238,2,28,annual,1376.67,active,2025-02-04,2025-06-07,false
570,246,238,2,32,annual,1573.33,active,2025-06-07,2026-03-02,false
571,246,238,2,35,annual,1720.83,active,2026-03-02,9999-12-31,true
572,247,239,3,151,annual,12457.50,active,2026-02-17,2026-08-02,false
573,247,239,3,168,annual,13860.00,active,2026-08-02,9999-12-31,true
574,248,240,3,19,monthly,1881.00,active,2023-12-27,2024-02-14,false
575,249,241,3,19,annual,1567.50,active,2023-05-18,2023-06-22,false
576,249,241,3,22,annual,1815.00,active,2023-06-22,2023-08-11,false
577,249,241,3,24,annual,1980.00,active,2023-08-11,2024-01-06,false
578,250,242,2,3,monthly,177.00,active,2026-06-01,9999-12-31,true
579,251,243,2,10,monthly,590.00,active,2026-05-08,2026-06-13,false
580,251,243,2,11,monthly,649.00,active,2026-06-13,9999-12-31,true
581,252,244,1,8,monthly,232.00,active,2024-12-22,2025-02-28,false
582,252,244,1,9,monthly,261.00,active,2025-02-28,2025-04-11,false
583,253,244,1,8,monthly,232.00,active,2025-10-25,9999-12-31,true
584,254,245,3,556,annual,45870.00,active,2025-05-10,2025-10-29,false
585,254,245,3,637,annual,52552.50,active,2025-10-29,2026-04-28,false
586,254,245,3,755,annual,62287.50,active,2026-04-28,9999-12-31,true
587,255,246,3,45,annual,3712.50,active,2024-06-01,2024-10-11,false
588,255,246,3,48,annual,3960.00,active,2024-10-11,2024-12-16,false
589,255,246,3,56,annual,4620.00,active,2024-12-16,2025-03-04,false
590,255,246,2,50,annual,2458.33,active,2025-03-04,2025-06-12,false
591,255,246,3,50,annual,4125.00,active,2025-06-12,9999-12-31,true
592,256,247,2,31,annual,1524.17,active,2026-06-24,9999-12-31,true
593,257,248,2,4,monthly,236.00,active,2022-12-01,2023-09-24,false
594,258,249,2,9,monthly,531.00,active,2022-08-02,2022-10-11,false
595,258,249,3,9,monthly,891.00,active,2022-10-11,2023-01-16,false
596,258,249,4,9,annual,1117.50,active,2023-01-16,2023-04-12,false
597,258,249,4,10,annual,1241.67,active,2023-04-12,2024-09-11,false
598,258,249,4,11,annual,1365.83,active,2024-09-11,9999-12-31,true
599,259,250,1,10,monthly,290.00,active,2026-06-01,9999-12-31,true
600,260,251,3,12,annual,990.00,active,2025-04-30,2025-08-05,false
601,260,251,4,12,annual,1490.00,active,2025-08-05,9999-12-31,true
602,261,252,2,5,monthly,295.00,active,2026-04-30,2026-06-09,false
603,261,252,2,6,monthly,354.00,active,2026-06-09,9999-12-31,true
604,262,253,4,12,annual,1490.00,active,2025-09-06,2025-12-08,false
605,262,253,4,15,annual,1862.50,active,2025-12-08,2026-02-08,false
606,262,253,4,13,annual,1614.17,active,2026-02-08,2026-05-13,false
607,262,253,4,15,annual,1862.50,active,2026-05-13,9999-12-31,true
608,263,254,1,7,monthly,203.00,active,2026-02-19,2026-04-20,false
609,264,255,1,10,monthly,290.00,active,2024-03-10,2024-12-01,false
610,265,256,2,4,monthly,236.00,active,2023-05-28,2023-11-22,false
611,265,256,3,4,monthly,396.00,active,2023-11-22,2026-06-23,false
612,265,256,3,5,monthly,495.00,active,2026-06-23,2026-08-23,false
613,265,256,3,6,monthly,594.00,active,2026-08-23,9999-12-31,true
614,266,257,3,12,annual,990.00,active,2025-02-07,2025-05-15,false
615,266,257,3,10,annual,825.00,active,2025-05-15,2025-06-22,false
616,266,257,3,12,annual,990.00,active,2025-06-22,2025-10-01,false
617,266,257,3,11,annual,907.50,active,2025-10-01,2026-02-05,false
618,266,257,2,11,annual,540.83,active,2026-02-05,9999-12-31,true
619,267,258,2,10,monthly,590.00,active,2025-08-20,2026-06-09,false
620,267,258,2,8,monthly,472.00,active,2026-06-09,2026-08-30,false
621,267,258,3,8,monthly,792.00,active,2026-08-30,9999-12-31,true
622,268,259,2,50,annual,2458.33,active,2025-01-13,2025-04-01,false
623,268,259,3,50,annual,4125.00,active,2025-04-01,9999-12-31,true
624,269,260,2,10,monthly,590.00,active,2026-02-26,2026-03-09,false
625,269,260,2,11,monthly,649.00,active,2026-03-09,9999-12-31,true
626,270,261,2,2,annual,98.33,active,2024-07-10,2026-08-07,false
627,270,261,1,2,monthly,58.00,active,2026-08-07,9999-12-31,true
628,271,262,1,5,monthly,145.00,active,2026-04-03,2026-08-24,false
629,271,262,1,4,monthly,116.00,active,2026-08-24,9999-12-31,true
630,272,263,1,2,monthly,58.00,active,2025-08-16,2025-10-04,false
631,273,264,3,24,monthly,2376.00,active,2022-10-06,2023-09-09,false
632,273,264,3,27,monthly,2673.00,active,2023-09-09,2025-03-30,false
633,273,264,2,27,monthly,1593.00,active,2025-03-30,9999-12-31,true
634,274,265,2,6,monthly,354.00,active,2026-06-27,9999-12-31,true
635,275,266,3,28,annual,2310.00,active,2024-12-13,2025-11-09,false
636,275,266,2,28,annual,1376.67,active,2025-11-09,2026-02-28,false
637,275,266,1,10,monthly,290.00,active,2026-02-28,2026-07-04,false
638,276,267,3,27,annual,2227.50,active,2025-01-28,2025-12-12,false
639,276,267,3,32,annual,2640.00,active,2025-12-12,2026-03-06,false
640,276,267,3,35,annual,2887.50,active,2026-03-06,2026-05-16,false
641,276,267,3,42,annual,3465.00,active,2026-05-16,2026-07-18,false
642,277,268,2,13,monthly,767.00,active,2023-06-26,2024-07-16,false
643,277,268,2,12,monthly,708.00,active,2024-07-16,2024-11-20,false
644,277,268,3,12,monthly,1188.00,active,2024-11-20,2025-06-06,false
645,277,268,3,14,monthly,1386.00,active,2025-06-06,2025-12-09,false
646,278,269,2,6,monthly,354.00,active,2025-02-14,2025-08-26,false
647,278,269,2,7,monthly,413.00,active,2025-08-26,2025-10-01,false
648,278,269,3,7,monthly,693.00,active,2025-10-01,2026-03-26,false
649,278,269,4,7,annual,869.17,active,2026-03-26,9999-12-31,true
650,279,270,2,22,annual,1081.67,active,2024-10-26,2025-03-31,false
651,279,270,2,25,annual,1229.17,active,2025-03-31,2026-07-18,false
652,279,270,2,28,annual,1376.67,active,2026-07-18,9999-12-31,true
653,280,271,2,19,monthly,1121.00,active,2023-08-25,2023-09-22,false
654,280,271,3,19,monthly,1881.00,active,2023-09-22,2025-07-19,false
655,280,271,3,22,monthly,2178.00,active,2025-07-19,2025-11-15,false
656,280,271,3,25,monthly,2475.00,active,2025-11-15,2026-01-21,false
657,280,271,3,30,monthly,2970.00,active,2026-01-21,9999-12-31,true
658,281,272,4,686,annual,85178.33,active,2025-02-25,2025-04-17,false
659,282,273,3,9,monthly,891.00,active,2026-04-13,9999-12-31,true
660,283,274,3,15,annual,1237.50,active,2025-04-20,2026-02-11,false
661,283,274,3,16,annual,1320.00,active,2026-02-11,2026-07-26,false
662,283,274,3,14,annual,1155.00,active,2026-07-26,9999-12-31,true
663,284,275,2,5,annual,245.83,active,2026-06-04,2026-07-17,false
664,284,275,2,4,annual,196.67,active,2026-07-17,2026-08-26,false
665,284,275,2,5,annual,245.83,active,2026-08-26,9999-12-31,true
666,285,276,1,2,monthly,58.00,active,2026-03-07,2026-06-10,false
667,285,276,1,3,monthly,87.00,active,2026-06-10,9999-12-31,true
668,286,277,4,18,annual,2235.00,active,2026-08-01,9999-12-31,true
669,287,278,3,436,annual,35970.00,active,2025-11-24,9999-12-31,true
670,288,279,1,5,monthly,145.00,active,2024-02-14,2024-03-15,false
671,288,279,1,6,monthly,174.00,active,2024-03-15,2024-09-26,false
672,289,280,1,10,monthly,290.00,active,2024-11-13,2025-05-12,false
673,290,281,2,4,monthly,236.00,active,2024-06-25,9999-12-31,true
674,291,282,1,7,monthly,203.00,active,2026-07-30,9999-12-31,true
675,292,283,1,10,monthly,290.00,active,2024-01-13,2025-08-18,false
676,292,283,1,8,monthly,232.00,active,2025-08-18,2025-10-26,false
677,293,284,2,5,monthly,295.00,active,2022-10-04,2023-07-14,false
678,293,284,2,4,monthly,236.00,active,2023-07-14,2024-05-12,false
679,294,285,2,50,annual,2458.33,active,2025-05-01,9999-12-31,true
680,295,286,2,14,monthly,826.00,active,2025-10-28,2025-11-17,false
681,295,286,2,17,monthly,1003.00,active,2025-11-17,2026-04-09,false
682,295,286,2,19,monthly,1121.00,active,2026-04-09,9999-12-31,true
683,296,287,1,7,monthly,203.00,active,2026-05-24,2026-07-08,false
684,297,288,3,24,annual,1980.00,active,2025-05-26,9999-12-31,true
685,298,289,1,7,monthly,203.00,active,2024-11-16,2025-03-26,false
686,298,289,1,8,monthly,232.00,active,2025-03-26,2025-11-20,false
687,298,289,1,10,monthly,290.00,active,2025-11-20,2026-06-03,false
688,298,289,2,10,monthly,590.00,active,2026-06-03,2026-07-12,false
689,299,290,3,9,annual,742.50,active,2025-05-03,9999-12-31,true
690,300,291,3,22,annual,1815.00,active,2025-09-25,2025-10-29,false
691,300,291,2,22,annual,1081.67,active,2025-10-29,9999-12-31,true
692,301,292,2,14,annual,688.33,active,2023-12-04,2024-12-03,false
693,301,292,2,16,annual,786.67,active,2024-12-03,2025-03-28,false
694,301,292,3,16,annual,1320.00,active,2025-03-28,2025-12-27,false
695,302,293,2,12,annual,590.00,active,2024-09-09,2025-06-30,false
696,302,293,2,13,annual,639.17,active,2025-06-30,9999-12-31,true
697,303,294,1,5,monthly,145.00,active,2023-07-04,2023-12-17,false
698,303,294,1,6,monthly,174.00,active,2023-12-17,2025-07-05,false
699,304,295,1,6,monthly,174.00,active,2025-05-09,2025-09-06,false
700,304,295,2,6,monthly,354.00,active,2025-09-06,2025-11-27,false
701,304,295,1,6,monthly,174.00,active,2025-11-27,2026-05-10,false
702,304,295,1,5,monthly,145.00,active,2026-05-10,9999-12-31,true
703,305,296,2,5,monthly,295.00,active,2024-10-12,2024-12-27,false
704,305,296,2,6,monthly,354.00,active,2024-12-27,2025-02-04,false
705,305,296,1,6,monthly,174.00,active,2025-02-04,2025-03-15,false
706,306,296,1,4,monthly,116.00,active,2025-09-21,9999-12-31,true
707,307,297,3,9,monthly,891.00,active,2026-07-07,9999-12-31,true
708,308,298,1,10,monthly,290.00,active,2023-09-18,2024-12-16,false
709,308,298,2,10,monthly,590.00,active,2024-12-16,2025-01-16,false
710,308,298,1,10,monthly,290.00,active,2025-01-16,2025-05-11,false
711,308,298,2,10,monthly,590.00,active,2025-05-11,2026-08-18,false
712,308,298,3,10,monthly,990.00,active,2026-08-18,9999-12-31,true
713,309,299,2,35,annual,1720.83,active,2025-01-06,2025-06-01,false
714,309,299,2,42,annual,2065.00,active,2025-06-01,2026-06-26,false
715,309,299,2,49,annual,2409.17,active,2026-06-26,9999-12-31,true
716,310,300,2,25,annual,1229.17,active,2024-07-09,2025-05-15,false
717,310,300,2,27,annual,1327.50,active,2025-05-15,2026-07-13,false
718,310,300,2,29,annual,1425.83,active,2026-07-13,9999-12-31,true
719,311,301,4,263,annual,32655.83,active,2023-07-03,2026-03-31,false
720,311,301,4,288,annual,35760.00,active,2026-03-31,9999-12-31,true
721,312,302,1,10,monthly,290.00,active,2025-03-20,2025-04-06,false
722,312,302,1,8,monthly,232.00,active,2025-04-06,2025-08-06,false
723,312,302,2,8,monthly,472.00,active,2025-08-06,2025-09-19,false
724,313,303,1,10,monthly,290.00,active,2022-10-26,2025-04-21,false
725,313,303,1,9,monthly,261.00,active,2025-04-21,2025-10-15,false
726,313,303,1,10,monthly,290.00,active,2025-10-15,2026-07-09,false
727,313,303,2,10,monthly,590.00,active,2026-07-09,9999-12-31,true
728,314,304,3,46,annual,3795.00,active,2022-10-02,2023-03-15,false
729,314,304,4,46,annual,5711.67,active,2023-03-15,2023-06-22,false
730,314,304,4,55,annual,6829.17,active,2023-06-22,9999-12-31,true
731,315,305,1,8,monthly,232.00,active,2024-09-06,2024-12-31,false
732,316,306,2,13,annual,639.17,active,2026-07-17,9999-12-31,true
733,317,307,1,8,monthly,232.00,active,2026-06-10,9999-12-31,true
734,318,308,1,4,monthly,116.00,active,2025-04-27,2025-08-21,false
735,318,308,1,3,monthly,87.00,active,2025-08-21,2025-11-07,false
736,318,308,1,4,monthly,116.00,active,2025-11-07,2025-12-02,false
737,318,308,1,5,monthly,145.00,active,2025-12-02,2026-04-10,false
738,318,308,2,5,monthly,295.00,active,2026-04-10,9999-12-31,true
739,319,309,2,12,annual,590.00,active,2026-01-27,2026-08-22,false
740,319,309,2,9,annual,442.50,active,2026-08-22,9999-12-31,true
741,320,310,3,68,annual,5610.00,active,2025-07-19,9999-12-31,true
742,321,311,2,17,annual,835.83,active,2025-08-09,2026-07-18,false
743,321,311,2,20,annual,983.33,active,2026-07-18,9999-12-31,true
744,322,312,3,55,annual,4537.50,active,2026-03-02,2026-08-11,false
745,322,312,4,55,annual,6829.17,active,2026-08-11,9999-12-31,true
746,323,313,1,10,monthly,290.00,active,2023-04-07,2024-08-21,false
747,323,313,2,10,monthly,590.00,active,2024-08-21,2025-04-21,false
748,323,313,2,12,monthly,708.00,active,2025-04-21,2025-08-27,false
749,323,313,3,12,monthly,1188.00,active,2025-08-27,9999-12-31,true
750,324,314,2,40,annual,1966.67,active,2025-07-06,2026-06-25,false
751,324,314,2,43,annual,2114.17,active,2026-06-25,9999-12-31,true
752,325,315,1,10,monthly,290.00,active,2023-11-16,2024-09-09,false
753,326,316,1,2,monthly,58.00,active,2023-01-08,2024-04-18,false
754,326,316,1,3,monthly,87.00,active,2024-04-18,2026-05-13,false
755,327,317,1,2,monthly,58.00,active,2024-10-13,2024-12-08,false
756,328,318,2,8,monthly,472.00,active,2024-07-20,2024-08-10,false
757,328,318,2,9,monthly,531.00,active,2024-08-10,2024-10-03,false
758,328,318,3,9,monthly,891.00,active,2024-10-03,2025-02-26,false
759,329,319,1,10,monthly,290.00,active,2024-11-29,2026-04-07,false
760,329,319,1,8,monthly,232.00,active,2026-04-07,2026-07-26,false
761,330,320,3,11,annual,907.50,active,2024-07-16,2025-11-11,false
762,330,320,3,9,annual,742.50,active,2025-11-11,9999-12-31,true
763,331,321,1,10,monthly,290.00,active,2024-11-07,2025-05-28,false
764,331,321,1,9,monthly,261.00,active,2025-05-28,2025-08-31,false
765,331,321,2,9,monthly,531.00,active,2025-08-31,9999-12-31,true
766,332,322,2,16,annual,786.67,active,2023-10-21,2023-11-27,false
767,332,322,2,19,annual,934.17,active,2023-11-27,2023-12-31,false
768,332,322,2,21,annual,1032.50,active,2023-12-31,2024-01-07,false
769,332,322,3,21,annual,1732.50,active,2024-01-07,2024-05-30,false
770,332,322,3,23,annual,1897.50,active,2024-05-30,2024-11-14,false
771,332,322,4,23,annual,2855.83,active,2024-11-14,9999-12-31,true
772,333,323,3,34,monthly,3366.00,active,2025-11-13,2026-01-28,false
773,333,323,3,26,monthly,2574.00,active,2026-01-28,9999-12-31,true
774,334,324,3,198,monthly,19602.00,active,2026-01-02,2026-02-18,false
775,334,324,4,198,annual,24585.00,active,2026-02-18,9999-12-31,true
776,335,325,3,14,monthly,1386.00,active,2025-12-14,2026-01-14,false
777,335,325,4,14,annual,1738.33,active,2026-01-14,9999-12-31,true
778,336,326,3,25,annual,2062.50,active,2025-07-01,2026-06-01,false
779,336,326,3,27,annual,2227.50,active,2026-06-01,9999-12-31,true
780,337,327,4,32,annual,3973.33,active,2026-02-22,2026-06-05,false
781,338,328,1,4,monthly,116.00,active,2023-01-10,2025-11-24,false
782,338,328,2,4,monthly,236.00,active,2025-11-24,2026-01-14,false
783,339,329,2,19,monthly,1121.00,active,2024-11-20,2025-04-21,false
784,340,330,3,3,annual,247.50,active,2024-01-01,2025-02-01,false
785,340,330,3,4,annual,330.00,active,2025-02-01,2025-06-24,false
786,340,330,4,4,annual,496.67,active,2025-06-24,9999-12-31,true
787,341,331,4,137,annual,17010.83,active,2026-05-25,2026-08-23,false
788,341,331,4,150,annual,18625.00,active,2026-08-23,9999-12-31,true
789,342,332,3,28,monthly,2772.00,active,2026-03-11,2026-07-08,false
790,342,332,4,28,annual,3476.67,active,2026-07-08,9999-12-31,true
791,343,333,2,15,annual,737.50,active,2026-07-12,9999-12-31,true
792,344,334,3,56,monthly,5544.00,active,2023-04-06,2023-11-10,false
793,344,334,3,61,monthly,6039.00,active,2023-11-10,2024-12-07,false
794,344,334,3,72,monthly,7128.00,active,2024-12-07,2026-04-01,false
795,344,334,4,72,annual,8940.00,active,2026-04-01,9999-12-31,true
796,345,335,1,6,monthly,174.00,active,2025-08-01,2025-12-01,false
797,345,335,1,7,monthly,203.00,active,2025-12-01,2026-03-26,false
798,346,336,1,5,monthly,145.00,active,2026-08-20,9999-12-31,true
799,347,337,3,57,annual,4702.50,active,2025-11-13,9999-12-31,true
800,348,338,3,340,annual,28050.00,active,2024-02-14,2024-09-14,false
801,348,338,3,256,annual,21120.00,active,2024-09-14,2025-12-07,false
802,348,338,2,50,annual,2458.33,active,2025-12-07,2026-02-21,false
803,348,338,1,10,monthly,290.00,active,2026-02-21,2026-03-16,false
804,349,339,1,3,monthly,87.00,active,2025-06-28,9999-12-31,true
805,350,340,2,5,monthly,295.00,active,2024-02-29,2024-06-16,false
806,351,341,4,51,annual,6332.50,active,2025-01-11,2025-02-22,false
807,351,341,4,59,annual,7325.83,active,2025-02-22,2025-08-07,false
808,352,342,4,142,annual,17631.67,active,2025-06-05,2026-03-25,false
809,352,342,4,172,annual,21356.67,active,2026-03-25,2026-04-11,false
810,352,342,4,157,annual,19494.17,active,2026-04-11,9999-12-31,true
811,353,343,4,285,annual,35387.50,active,2026-01-03,2026-04-10,false
812,353,343,4,332,annual,41223.33,active,2026-04-10,9999-12-31,true
813,354,344,1,2,monthly,58.00,active,2023-04-02,2025-09-09,false
814,354,344,1,3,monthly,87.00,active,2025-09-09,9999-12-31,true
815,355,345,4,681,annual,84557.50,active,2025-01-21,2025-04-05,false
816,355,345,4,598,annual,74251.67,active,2025-04-05,2025-09-14,false
817,355,345,4,670,annual,83191.67,active,2025-09-14,9999-12-31,true
818,356,346,4,167,annual,20735.83,active,2023-09-10,2023-10-08,false
819,356,346,4,182,annual,22598.33,active,2023-10-08,2024-08-24,false
820,356,346,4,215,annual,26695.83,active,2024-08-24,2024-11-07,false
821,357,346,4,168,annual,20860.00,active,2025-07-12,9999-12-31,true
822,358,347,2,6,monthly,354.00,active,2025-03-05,2025-07-10,false
823,359,348,3,8,monthly,792.00,active,2024-07-15,2025-02-04,false
824,359,348,3,9,monthly,891.00,active,2025-02-04,9999-12-31,true
825,360,349,4,39,annual,4842.50,active,2026-07-18,2026-08-17,false
826,360,349,4,45,annual,5587.50,active,2026-08-17,9999-12-31,true
827,361,350,4,33,annual,4097.50,active,2025-12-05,9999-12-31,true
828,362,351,1,3,monthly,87.00,active,2025-05-20,2025-12-12,false
829,362,351,1,4,monthly,116.00,active,2025-12-12,9999-12-31,true
830,363,352,1,5,monthly,145.00,active,2023-09-05,2023-11-20,false
831,363,352,1,6,monthly,174.00,active,2023-11-20,2024-08-18,false
832,364,353,1,10,monthly,290.00,active,2025-11-17,9999-12-31,true
833,365,354,2,9,monthly,531.00,active,2026-06-08,2026-07-04,false
834,365,354,2,7,monthly,413.00,active,2026-07-04,9999-12-31,true
835,366,355,1,8,monthly,232.00,active,2026-01-30,2026-05-09,false
836,366,355,1,9,monthly,261.00,active,2026-05-09,2026-07-29,false
837,367,356,2,50,annual,2458.33,active,2024-03-12,9999-12-31,true
838,368,357,1,10,monthly,290.00,active,2025-06-16,9999-12-31,true
839,369,358,2,13,annual,639.17,active,2022-12-17,2024-07-01,false
840,370,359,3,12,annual,990.00,active,2022-07-26,2022-10-16,false
841,370,359,4,12,annual,1490.00,active,2022-10-16,2023-01-28,false
842,370,359,4,14,annual,1738.33,active,2023-01-28,2023-04-17,false
843,370,359,4,15,annual,1862.50,active,2023-04-17,2024-09-16,false
844,370,359,4,16,annual,1986.67,active,2024-09-16,9999-12-31,true
845,371,360,2,6,annual,295.00,active,2024-12-29,2025-07-20,false
846,371,360,3,6,annual,495.00,active,2025-07-20,2025-10-18,false
847,371,360,3,7,annual,577.50,active,2025-10-18,2025-12-14,false
848,371,360,2,7,annual,344.17,active,2025-12-14,2026-05-16,false
849,371,360,3,7,annual,577.50,active,2026-05-16,9999-12-31,true
850,372,361,1,4,monthly,116.00,active,2026-05-17,9999-12-31,true
851,373,362,2,2,monthly,118.00,active,2024-07-03,2024-09-14,false
852,373,362,2,3,monthly,177.00,active,2024-09-14,2025-07-01,false
853,373,362,2,4,monthly,236.00,active,2025-07-01,2025-08-01,false
854,373,362,3,4,monthly,396.00,active,2025-08-01,2025-09-10,false
855,374,363,2,15,monthly,885.00,active,2026-06-30,9999-12-31,true
856,375,364,3,76,annual,6270.00,active,2025-02-13,2025-05-18,false
857,375,364,2,50,annual,2458.33,active,2025-05-18,2025-12-23,false
858,375,364,3,50,annual,4125.00,active,2025-12-23,9999-12-31,true
859,376,365,1,5,monthly,145.00,active,2025-10-13,2025-11-25,false
860,376,365,1,6,monthly,174.00,active,2025-11-25,2026-08-24,false
861,377,366,3,29,monthly,2871.00,active,2024-09-10,2026-06-29,false
862,377,366,3,33,monthly,3267.00,active,2026-06-29,9999-12-31,true
863,378,367,1,10,monthly,290.00,active,2023-07-05,2023-10-25,false
864,379,368,3,22,monthly,2178.00,active,2024-01-31,2024-02-12,false
865,379,368,3,23,monthly,2277.00,active,2024-02-12,2025-07-04,false
866,379,368,3,24,monthly,2376.00,active,2025-07-04,9999-12-31,true
867,380,369,2,21,annual,1032.50,active,2023-06-01,2023-09-17,false
868,381,369,2,13,annual,639.17,active,2024-05-26,2025-04-16,false
869,381,369,2,14,annual,688.33,active,2025-04-16,9999-12-31,true
870,382,370,2,11,monthly,649.00,active,2025-04-20,2025-06-25,false
871,383,371,4,15,annual,1862.50,active,2024-10-29,2025-05-10,false
872,383,371,4,17,annual,2110.83,active,2025-05-10,2026-05-07,false
873,383,371,4,15,annual,1862.50,active,2026-05-07,9999-12-31,true
874,384,372,4,125,annual,15520.83,active,2026-07-20,9999-12-31,true
875,385,373,1,10,monthly,290.00,active,2025-07-04,2025-11-23,false
876,386,374,3,17,annual,1402.50,active,2025-12-24,9999-12-31,true
877,387,375,1,10,monthly,290.00,active,2024-11-24,2025-12-25,false
878,388,376,1,8,monthly,232.00,active,2025-02-11,2025-08-06,false
879,388,376,2,8,monthly,472.00,active,2025-08-06,2025-12-12,false
880,389,377,3,12,annual,990.00,active,2022-09-29,2023-01-31,false
881,389,377,4,12,annual,1490.00,active,2023-01-31,2023-02-19,false
882,389,377,4,14,annual,1738.33,active,2023-02-19,2023-06-21,false
883,389,377,4,12,annual,1490.00,active,2023-06-21,2023-10-04,false
884,389,377,4,14,annual,1738.33,active,2023-10-04,2023-12-01,false
885,389,377,4,11,annual,1365.83,active,2023-12-01,2024-03-25,false
886,389,377,4,13,annual,1614.17,active,2024-03-25,2024-05-27,false
887,389,377,4,10,annual,1241.67,active,2024-05-27,2024-12-28,false
888,389,377,3,10,annual,825.00,active,2024-12-28,2025-08-17,false
889,389,377,4,10,annual,1241.67,active,2025-08-17,2025-09-09,false
890,389,377,4,11,annual,1365.83,active,2025-09-09,2025-10-16,false
891,389,377,4,10,annual,1241.67,active,2025-10-16,9999-12-31,true
892,390,378,1,6,monthly,174.00,active,2026-07-16,9999-12-31,true
893,391,379,2,50,annual,2458.33,active,2024-06-11,9999-12-31,true
894,392,380,1,4,monthly,116.00,active,2026-07-26,9999-12-31,true
895,393,381,1,10,monthly,290.00,active,2025-07-13,2025-10-17,false
896,394,382,3,15,annual,1237.50,active,2022-08-06,2024-06-27,false
897,394,382,2,15,annual,737.50,active,2024-06-27,2024-08-11,false
898,394,382,2,18,annual,885.00,active,2024-08-11,2025-04-14,false
899,394,382,2,16,annual,786.67,active,2025-04-14,9999-12-31,true
900,395,383,4,30,annual,3725.00,active,2026-04-07,9999-12-31,true
901,396,384,3,30,annual,2475.00,active,2025-03-14,2025-07-12,false
902,396,384,3,35,annual,2887.50,active,2025-07-12,2025-08-24,false
903,397,384,3,27,monthly,2673.00,active,2025-11-19,9999-12-31,true
904,398,385,2,7,monthly,413.00,active,2024-09-15,2025-11-10,false
905,398,385,2,8,monthly,472.00,active,2025-11-10,9999-12-31,true
906,399,386,3,15,annual,1237.50,active,2025-12-17,2026-06-21,false
907,399,386,3,18,annual,1485.00,active,2026-06-21,9999-12-31,true
908,400,387,3,20,annual,1650.00,active,2025-10-13,9999-12-31,true
909,401,388,2,11,annual,540.83,active,2025-06-09,9999-12-31,true
910,402,389,1,10,monthly,290.00,active,2024-01-24,2024-02-15,false
911,402,389,2,10,monthly,590.00,active,2024-02-15,2024-03-05,false
912,402,389,3,10,monthly,990.00,active,2024-03-05,2024-10-12,false
913,402,389,3,11,monthly,1089.00,active,2024-10-12,2025-04-13,false
914,403,390,2,10,monthly,590.00,active,2024-10-14,9999-12-31,true
915,404,391,2,6,annual,295.00,active,2026-08-14,9999-12-31,true
916,405,392,4,259,annual,32159.17,active,2026-01-15,2026-08-15,false
917,405,392,4,279,annual,34642.50,active,2026-08-15,9999-12-31,true
918,406,393,3,37,monthly,3663.00,active,2024-12-05,2025-03-06,false
919,407,394,3,332,monthly,32868.00,active,2024-06-06,2025-06-19,false
920,407,394,3,386,monthly,38214.00,active,2025-06-19,2026-07-04,false
921,407,394,4,386,annual,47928.33,active,2026-07-04,9999-12-31,true
922,408,395,3,38,annual,3135.00,active,2025-09-10,9999-12-31,true
923,409,396,2,2,monthly,118.00,active,2025-02-05,2025-07-19,false
924,409,396,3,2,monthly,198.00,active,2025-07-19,9999-12-31,true
925,410,397,4,155,annual,19245.83,active,2023-10-12,2024-01-21,false
926,411,398,1,4,monthly,116.00,active,2024-08-31,2025-09-20,false
927,411,398,2,4,monthly,236.00,active,2025-09-20,9999-12-31,true
928,412,399,2,3,annual,147.50,active,2025-10-05,2026-03-15,false
929,413,400,3,395,annual,32587.50,active,2026-06-13,9999-12-31,true
930,414,401,2,11,monthly,649.00,active,2024-06-24,2024-11-08,false
931,414,401,3,11,monthly,1089.00,active,2024-11-08,2025-05-13,false
932,414,401,3,13,monthly,1287.00,active,2025-05-13,2026-04-22,false
933,414,401,3,14,monthly,1386.00,active,2026-04-22,9999-12-31,true
934,415,402,1,10,monthly,290.00,active,2025-06-28,2026-07-23,false
935,415,402,1,9,monthly,261.00,active,2026-07-23,9999-12-31,true
936,416,403,4,177,annual,21977.50,active,2026-03-02,9999-12-31,true
937,417,404,2,18,annual,885.00,active,2025-06-26,2025-10-08,false
938,417,404,2,20,annual,983.33,active,2025-10-08,2026-03-08,false
939,418,405,1,5,monthly,145.00,active,2023-10-21,2024-04-06,false
940,418,405,2,5,monthly,295.00,active,2024-04-06,2024-07-05,false
941,418,405,3,5,monthly,495.00,active,2024-07-05,2025-05-16,false
942,419,406,2,7,monthly,413.00,active,2023-06-08,2025-12-26,false
943,420,407,2,31,annual,1524.17,active,2022-12-07,2023-04-09,false
944,420,407,2,35,annual,1720.83,active,2023-04-09,2023-08-31,false
945,420,407,2,38,annual,1868.33,active,2023-08-31,2024-05-24,false
946,420,407,2,46,annual,2261.67,active,2024-05-24,2024-11-17,false
947,420,407,2,37,annual,1819.17,active,2024-11-17,2025-05-07,false
948,420,407,2,43,annual,2114.17,active,2025-05-07,2025-10-04,false
949,420,407,2,50,annual,2458.33,active,2025-10-04,9999-12-31,true
950,421,408,2,4,monthly,236.00,active,2025-10-24,2026-03-13,false
951,422,409,2,25,annual,1229.17,active,2024-09-15,2024-11-01,false
952,422,409,2,28,annual,1376.67,active,2024-11-01,2025-02-22,false
953,422,409,2,34,annual,1671.67,active,2025-02-22,2025-03-25,false
954,422,409,2,40,annual,1966.67,active,2025-03-25,2025-04-09,false
955,422,409,2,45,annual,2212.50,active,2025-04-09,2025-09-12,false
956,422,409,2,50,annual,2458.33,active,2025-09-12,9999-12-31,true
957,423,410,3,28,annual,2310.00,active,2025-08-26,2026-05-31,false
958,423,410,2,28,annual,1376.67,active,2026-05-31,9999-12-31,true
959,424,411,3,47,monthly,4653.00,active,2026-03-14,2026-05-03,false
960,424,411,2,47,monthly,2773.00,active,2026-05-03,2026-06-19,false
961,424,411,2,50,monthly,2950.00,active,2026-06-19,9999-12-31,true
962,425,412,1,10,monthly,290.00,active,2023-05-08,2024-07-04,false
963,425,412,2,10,monthly,590.00,active,2024-07-04,2025-03-04,false
964,425,412,2,11,monthly,649.00,active,2025-03-04,9999-12-31,true
965,426,413,2,25,monthly,1475.00,active,2025-02-24,2025-12-10,false
966,427,414,2,8,annual,393.33,active,2024-11-13,9999-12-31,true
967,428,415,1,4,monthly,116.00,active,2026-07-28,9999-12-31,true
968,429,416,2,29,annual,1425.83,active,2025-11-29,2026-03-07,false
969,429,416,2,33,annual,1622.50,active,2026-03-07,2026-08-07,false
970,429,416,3,33,annual,2722.50,active,2026-08-07,9999-12-31,true
971,430,417,1,2,monthly,58.00,active,2025-09-22,9999-12-31,true
972,431,418,2,34,annual,1671.67,active,2023-08-02,2023-09-24,false
973,431,418,3,34,annual,2805.00,active,2023-09-24,2024-07-09,false
974,432,419,1,3,monthly,87.00,active,2026-08-10,9999-12-31,true
975,433,420,2,2,monthly,118.00,active,2024-11-04,2026-02-22,false
976,434,421,4,112,annual,13906.67,active,2023-07-20,2024-11-17,false
977,434,421,4,131,annual,16265.83,active,2024-11-17,2025-11-23,false
978,434,421,4,139,annual,17259.17,active,2025-11-23,9999-12-31,true
979,435,422,1,6,monthly,174.00,active,2024-07-23,2025-03-14,false
980,435,422,2,6,monthly,354.00,active,2025-03-14,2026-01-07,false
981,435,422,3,6,monthly,594.00,active,2026-01-07,2026-07-30,false
982,435,422,3,7,monthly,693.00,active,2026-07-30,9999-12-31,true
983,436,423,4,15,annual,1862.50,active,2025-12-18,9999-12-31,true
984,437,424,4,169,annual,20984.17,active,2023-09-28,2024-05-14,false
985,437,424,4,130,annual,16141.67,active,2024-05-14,2024-10-26,false
986,437,424,3,130,annual,10725.00,active,2024-10-26,2025-08-03,false
987,437,424,3,152,annual,12540.00,active,2025-08-03,2025-09-29,false
988,437,424,3,163,annual,13447.50,active,2025-09-29,2025-10-23,false
989,437,424,3,187,annual,15427.50,active,2025-10-23,2025-11-22,false
990,437,424,4,187,annual,23219.17,active,2025-11-22,2026-01-12,false
991,437,424,4,224,annual,27813.33,active,2026-01-12,9999-12-31,true
992,438,425,3,19,monthly,1881.00,active,2026-08-28,9999-12-31,true
993,439,426,1,10,monthly,290.00,active,2024-09-27,9999-12-31,true
994,440,427,1,4,monthly,116.00,active,2024-09-12,2024-10-04,false
995,440,427,1,5,monthly,145.00,active,2024-10-04,9999-12-31,true
996,441,428,2,8,monthly,472.00,active,2025-04-16,2026-04-28,false
997,441,428,2,9,monthly,531.00,active,2026-04-28,9999-12-31,true
998,442,429,1,7,monthly,203.00,active,2026-06-30,9999-12-31,true
999,443,430,3,29,monthly,2871.00,active,2026-01-24,9999-12-31,true
1000,444,431,2,26,annual,1278.33,active,2025-09-13,2026-02-12,false
1001,445,432,4,26,annual,3228.33,active,2023-12-21,2024-10-26,false
1002,445,432,4,28,annual,3476.67,active,2024-10-26,2025-11-13,false
1003,445,432,4,30,annual,3725.00,active,2025-11-13,2026-03-30,false
1004,446,433,1,3,monthly,87.00,active,2024-11-01,2024-12-15,false
1005,446,433,1,4,monthly,116.00,active,2024-12-15,2025-06-26,false
1006,446,433,2,4,monthly,236.00,active,2025-06-26,2025-10-10,false
1007,446,433,2,3,monthly,177.00,active,2025-10-10,2026-02-04,false
1008,446,433,3,3,monthly,297.00,active,2026-02-04,2026-04-20,false
1009,446,433,3,4,monthly,396.00,active,2026-04-20,9999-12-31,true
1010,447,434,4,296,annual,36753.33,active,2023-06-14,2024-06-07,false
1011,447,434,3,296,annual,24420.00,active,2024-06-07,2024-08-30,false
1012,447,434,4,296,annual,36753.33,active,2024-08-30,2024-10-09,false
1013,447,434,4,325,annual,40354.17,active,2024-10-09,2025-03-09,false
1014,447,434,4,375,annual,46562.50,active,2025-03-09,2025-06-06,false
1015,447,434,4,435,annual,54012.50,active,2025-06-06,2025-11-26,false
1016,447,434,4,487,annual,60469.17,active,2025-11-26,2026-08-19,false
1017,447,434,4,423,annual,52522.50,active,2026-08-19,9999-12-31,true
1018,448,435,2,9,monthly,531.00,active,2025-06-04,9999-12-31,true
1019,449,436,2,6,monthly,354.00,active,2025-09-15,2026-01-26,false
1020,449,436,2,7,monthly,413.00,active,2026-01-26,2026-03-10,false
1021,449,436,2,8,monthly,472.00,active,2026-03-10,9999-12-31,true
1022,450,437,1,10,monthly,290.00,active,2023-10-30,2024-01-03,false
1023,451,438,2,29,annual,1425.83,active,2022-07-17,2023-06-16,false
1024,451,438,3,29,annual,2392.50,active,2023-06-16,2025-10-06,false
1025,451,438,2,29,annual,1425.83,active,2025-10-06,2025-12-14,false
1026,451,438,2,33,annual,1622.50,active,2025-12-14,9999-12-31,true
1027,452,439,2,2,monthly,118.00,active,2026-02-21,9999-12-31,true
1028,453,440,3,34,monthly,3366.00,active,2024-10-03,2025-01-16,false
1029,453,440,3,41,monthly,4059.00,active,2025-01-16,2025-11-05,false
1030,453,440,4,41,annual,5090.83,active,2025-11-05,9999-12-31,true
1031,454,441,2,34,annual,1671.67,active,2024-11-19,2025-03-31,false
1032,454,441,3,34,annual,2805.00,active,2025-03-31,2025-04-07,false
1033,454,441,3,37,annual,3052.50,active,2025-04-07,2025-05-05,false
1034,454,441,3,42,annual,3465.00,active,2025-05-05,2025-10-16,false
1035,454,441,3,46,annual,3795.00,active,2025-10-16,2025-11-05,false
1036,454,441,3,50,annual,4125.00,active,2025-11-05,2026-06-19,false
1037,455,442,1,10,monthly,290.00,active,2025-02-14,2025-05-12,false
1038,455,442,1,8,monthly,232.00,active,2025-05-12,2025-09-17,false
1039,455,442,1,10,monthly,290.00,active,2025-09-17,2026-08-14,false
1040,455,442,2,10,monthly,590.00,active,2026-08-14,9999-12-31,true
1041,456,443,2,50,monthly,2950.00,active,2026-02-07,9999-12-31,true
1042,457,444,1,10,monthly,290.00,active,2025-08-12,2026-03-15,false
1043,457,444,2,10,monthly,590.00,active,2026-03-15,2026-07-18,false
1044,457,444,2,8,monthly,472.00,active,2026-07-18,9999-12-31,true
1045,458,445,3,20,annual,1650.00,active,2026-06-26,9999-12-31,true
1046,459,446,4,31,annual,3849.17,active,2025-07-31,2026-06-16,false
1047,460,447,2,6,monthly,354.00,active,2024-05-15,2025-02-27,false
1048,460,447,3,6,monthly,594.00,active,2025-02-27,2025-12-30,false
1049,460,447,3,7,monthly,693.00,active,2025-12-30,2026-01-01,false
1050,461,447,3,5,monthly,495.00,active,2026-05-23,9999-12-31,true
1051,462,448,3,28,annual,2310.00,active,2026-02-08,2026-05-02,false
1052,462,448,3,31,annual,2557.50,active,2026-05-02,9999-12-31,true
1053,463,449,2,25,monthly,1475.00,active,2022-12-21,2024-01-30,false
1054,463,449,2,27,monthly,1593.00,active,2024-01-30,2025-02-06,false
1055,463,449,3,27,monthly,2673.00,active,2025-02-06,2025-05-23,false
1056,464,450,4,92,annual,11423.33,active,2025-04-13,2025-11-16,false
1057,464,450,4,103,annual,12789.17,active,2025-11-16,9999-12-31,true
1058,465,451,3,9,annual,742.50,active,2026-07-24,9999-12-31,true
1059,466,452,3,24,annual,1980.00,active,2025-09-24,2025-10-25,false
1060,466,452,4,24,annual,2980.00,active,2025-10-25,2026-02-10,false
1061,466,452,4,20,annual,2483.33,active,2026-02-10,9999-12-31,true
1062,467,453,1,6,monthly,174.00,active,2026-08-25,9999-12-31,true
1063,468,454,2,6,monthly,354.00,active,2024-05-29,2024-06-10,false
1064,468,454,2,5,monthly,295.00,active,2024-06-10,2024-07-14,false
1065,469,455,2,6,annual,295.00,active,2026-07-24,9999-12-31,true
1066,470,456,2,12,monthly,708.00,active,2024-03-11,2024-04-14,false
1067,470,456,2,10,monthly,590.00,active,2024-04-14,2024-08-14,false
1068,470,456,3,10,monthly,990.00,active,2024-08-14,2025-03-27,false
1069,471,457,2,50,annual,2458.33,active,2026-04-21,9999-12-31,true
1070,472,458,1,2,monthly,58.00,active,2024-05-22,9999-12-31,true
1071,473,459,4,386,annual,47928.33,active,2024-12-25,2025-06-20,false
1072,473,459,4,338,annual,41968.33,active,2025-06-20,2025-07-28,false
1073,473,459,4,400,annual,49666.67,active,2025-07-28,9999-12-31,true
1074,474,460,2,50,annual,2458.33,active,2025-04-07,2026-05-27,false
1075,474,460,3,50,annual,4125.00,active,2026-05-27,2026-07-13,false
1076,474,460,3,43,annual,3547.50,active,2026-07-13,9999-12-31,true
1077,475,461,3,34,annual,2805.00,active,2025-12-25,2026-04-09,false
1078,475,461,3,38,annual,3135.00,active,2026-04-09,9999-12-31,true
1079,476,462,3,29,annual,2392.50,active,2022-09-08,2023-04-19,false
1080,476,462,2,29,annual,1425.83,active,2023-04-19,2023-07-15,false
1081,476,462,1,10,monthly,290.00,active,2023-07-15,2026-06-27,false
1082,476,462,1,8,monthly,232.00,active,2026-06-27,9999-12-31,true
1083,477,463,3,126,annual,10395.00,active,2025-09-30,9999-12-31,true
1084,478,464,2,7,monthly,413.00,active,2024-03-10,2024-05-18,false
1085,478,464,3,7,monthly,693.00,active,2024-05-18,2024-06-24,false
1086,478,464,3,8,monthly,792.00,active,2024-06-24,2025-03-18,false
1087,478,464,4,8,annual,993.33,active,2025-03-18,2026-07-27,false
1088,478,464,4,9,annual,1117.50,active,2026-07-27,2026-08-24,false
1089,479,465,1,9,monthly,261.00,active,2025-08-27,2026-04-29,false
1090,479,465,1,10,monthly,290.00,active,2026-04-29,2026-05-27,false
1091,479,465,2,10,monthly,590.00,active,2026-05-27,9999-12-31,true
1092,480,466,2,9,monthly,531.00,active,2024-09-15,2025-01-20,false
1093,480,466,2,7,monthly,413.00,active,2025-01-20,2025-09-22,false
1094,480,466,3,7,monthly,693.00,active,2025-09-22,2026-05-23,false
1095,481,467,3,5,monthly,495.00,active,2025-06-13,2026-06-06,false
1096,481,467,3,4,monthly,396.00,active,2026-06-06,9999-12-31,true
1097,482,468,2,3,monthly,177.00,active,2022-07-26,2023-01-08,false
1098,482,468,2,4,monthly,236.00,active,2023-01-08,2023-09-17,false
1099,482,468,2,5,monthly,295.00,active,2023-09-17,2025-08-02,false
1100,483,468,2,3,monthly,177.00,active,2026-03-03,9999-12-31,true
1101,484,469,1,10,monthly,290.00,active,2026-04-30,2026-05-13,false
1102,484,469,2,10,monthly,590.00,active,2026-05-13,9999-12-31,true
1103,485,470,2,8,monthly,472.00,active,2025-08-11,2025-10-13,false
1104,485,470,2,9,monthly,531.00,active,2025-10-13,9999-12-31,true
1105,486,471,3,42,annual,3465.00,active,2023-07-10,2023-12-10,false
1106,486,471,3,46,annual,3795.00,active,2023-12-10,2024-11-28,false
1107,486,471,3,56,annual,4620.00,active,2024-11-28,2025-04-11,false
1108,486,471,4,56,annual,6953.33,active,2025-04-11,2026-03-19,false
1109,486,471,4,68,annual,8443.33,active,2026-03-19,9999-12-31,true
1110,487,472,3,47,annual,3877.50,active,2024-01-05,2025-06-19,false
1111,487,472,3,50,annual,4125.00,active,2025-06-19,2025-09-19,false
1112,487,472,3,41,annual,3382.50,active,2025-09-19,2025-10-13,false
1113,487,472,3,44,annual,3630.00,active,2025-10-13,2025-11-11,false
1114,487,472,3,52,annual,4290.00,active,2025-11-11,2026-04-26,false
1115,487,472,3,60,annual,4950.00,active,2026-04-26,2026-06-17,false
1116,487,472,3,70,annual,5775.00,active,2026-06-17,9999-12-31,true
1117,488,473,4,283,annual,35139.17,active,2025-10-15,2026-05-13,false
1118,488,473,4,341,annual,42340.83,active,2026-05-13,2026-08-12,false
1119,488,473,4,412,annual,51156.67,active,2026-08-12,9999-12-31,true
1120,489,474,2,40,annual,1966.67,active,2025-12-03,9999-12-31,true
1121,490,475,1,10,monthly,290.00,active,2026-03-24,2026-08-16,false
1122,490,475,1,8,monthly,232.00,active,2026-08-16,9999-12-31,true
1123,491,476,1,8,monthly,232.00,active,2025-04-03,2025-06-30,false
1124,491,476,2,8,monthly,472.00,active,2025-06-30,2025-11-26,false
1125,491,476,3,8,monthly,792.00,active,2025-11-26,2026-02-28,false
1126,491,476,3,9,monthly,891.00,active,2026-02-28,9999-12-31,true
1127,492,477,2,5,monthly,295.00,active,2025-10-14,2026-08-14,false
1128,492,477,3,5,monthly,495.00,active,2026-08-14,9999-12-31,true
1129,493,478,2,18,annual,885.00,active,2026-01-15,2026-03-17,false
1130,493,478,2,16,annual,786.67,active,2026-03-17,9999-12-31,true
1131,494,479,2,17,annual,835.83,active,2023-12-02,2024-04-22,false
1132,494,479,2,16,annual,786.67,active,2024-04-22,2025-02-17,false
1133,494,479,3,16,annual,1320.00,active,2025-02-17,2025-05-21,false
1134,494,479,3,15,annual,1237.50,active,2025-05-21,2025-09-21,false
1135,495,480,4,309,annual,38367.50,active,2025-09-29,2025-12-25,false
1136,495,480,4,353,annual,43830.83,active,2025-12-25,2026-04-28,false
1137,495,480,4,283,annual,35139.17,active,2026-04-28,9999-12-31,true
